"Nom";"ReductionVitesse";"PourcentPasse";"PasseMl";"CalageExtraH";"PrixMilleClics";"NbCouleurHP";"Site";"Press";"Cle"
"Noir";"0";"0.1";"15";"0.42";"8.52";"2";"AEAT";"HP6000 Offline";"AEAT - Noir"
"Noir+1 Silver";"0";"0.1";"15";"0.42";"28.75";"4";"AEAT";"HP6000 Offline";"AEAT - Noir+1 Silver"
"Noir+1 Blanc";"0";"0.1";"15";"0.42";"10.11";"4";"AEAT";"HP6000 Offline";"AEAT - Noir+1 Blanc"
"Noir+1 Blanc+1 Silver";"0.33";"0.1";"15";"0.42";"23.07";"6";"AEAT";"HP6000 Offline";"AEAT - Noir+1 Blanc+1 Silver"
"Noir+1 Blanc+2 Silvers";"0.5";"0.1";"15";"0.42";"29.55";"8";"AEAT";"HP6000 Offline";"AEAT - Noir+1 Blanc+2 Silvers"
"Noir+1 Blanc+3 Silvers";"0.6";"0.1";"15";"0.42";"33.44";"10";"AEAT";"HP6000 Offline";"AEAT - Noir+1 Blanc+3 Silvers"
"Noir+1 Blanc+4 Silvers";"0.67";"0.1";"15";"0.42";"36.03";"12";"AEAT";"HP6000 Offline";"AEAT - Noir+1 Blanc+4 Silvers"
"Noir+2 Silvers";"0.33";"0.1";"15";"0.42";"35.5";"6";"AEAT";"HP6000 Offline";"AEAT - Noir+2 Silvers"
"Noir+2 Blancs";"0.33";"0.1";"15";"0.42";"10.65";"6";"AEAT";"HP6000 Offline";"AEAT - Noir+2 Blancs"
"Noir+2 Blancs+1 Silver";"0.5";"0.1";"15";"0.42";"20.23";"8";"AEAT";"HP6000 Offline";"AEAT - Noir+2 Blancs+1 Silver"
"Noir+2 Blancs+2 Silvers";"0.6";"0.1";"15";"0.42";"25.98";"10";"AEAT";"HP6000 Offline";"AEAT - Noir+2 Blancs+2 Silvers"
"Noir+2 Blancs+3 Silvers";"0.67";"0.1";"15";"0.42";"29.82";"12";"AEAT";"HP6000 Offline";"AEAT - Noir+2 Blancs+3 Silvers"
"Noir+2 Blancs+4 Silvers";"0.71";"0.1";"15";"0.42";"32.55";"14";"AEAT";"HP6000 Offline";"AEAT - Noir+2 Blancs+4 Silvers"
"Noir+3 Silvers";"0.5";"0.1";"15";"0.42";"38.87";"8";"AEAT";"HP6000 Offline";"AEAT - Noir+3 Silvers"
"Noir+4 Silvers";"0.6";"0.1";"15";"0.42";"40.89";"10";"AEAT";"HP6000 Offline";"AEAT - Noir+4 Silvers"
"1 Silver";"0";"0.1";"15";"0.42";"48.99";"2";"AEAT";"HP6000 Offline";"AEAT - 1 Silver"
"1 Blanc";"0";"0.1";"15";"0.42";"11.71";"2";"AEAT";"HP6000 Offline";"AEAT - 1 Blanc"
"1 Blanc+1 Silver";"0";"0.1";"15";"0.42";"30.35";"4";"AEAT";"HP6000 Offline";"AEAT - 1 Blanc+1 Silver"
"1 Blanc+2 Silvers";"0.33";"0.1";"15";"0.42";"36.56";"6";"AEAT";"HP6000 Offline";"AEAT - 1 Blanc+2 Silvers"
"1 Blanc+3 Silvers";"0.5";"0.1";"15";"0.42";"39.67";"8";"AEAT";"HP6000 Offline";"AEAT - 1 Blanc+3 Silvers"
"1 Blanc+4 Silvers";"0.6";"0.1";"15";"0.42";"41.53";"10";"AEAT";"HP6000 Offline";"AEAT - 1 Blanc+4 Silvers"
"2 Couleurs";"0";"0.1";"15";"0.42";"8.52";"4";"AEAT";"HP6000 Offline";"AEAT - 2 Couleurs"
"2 Couleurs+1 Silver";"0.33";"0.1";"15";"0.42";"22.01";"6";"AEAT";"HP6000 Offline";"AEAT - 2 Couleurs+1 Silver"
"2 Couleurs+1 Blanc";"0.33";"0.1";"15";"0.42";"9.58";"6";"AEAT";"HP6000 Offline";"AEAT - 2 Couleurs+1 Blanc"
"2 Couleurs+1 Blanc+1 Silver";"0.5";"0.1";"15";"0.42";"19.43";"8";"AEAT";"HP6000 Offline";"AEAT - 2 Couleurs+1 Blanc+1 Silver"
"2 Couleurs+1 Blanc+2 Silvers";"0.6";"0.1";"15";"0.42";"25.34";"10";"AEAT";"HP6000 Offline";"AEAT - 2 Couleurs+1 Blanc+2 Silvers"
"2 Couleurs+1 Blanc+3 Silvers";"0.67";"0.1";"15";"0.42";"29.28";"12";"AEAT";"HP6000 Offline";"AEAT - 2 Couleurs+1 Blanc+3 Silvers"
"2 Couleurs+1 Blanc+4 Silvers";"0.71";"0.1";"15";"0.42";"32.1";"14";"AEAT";"HP6000 Offline";"AEAT - 2 Couleurs+1 Blanc+4 Silvers"
"2 Couleurs+2 Silvers";"0.5";"0.1";"15";"0.42";"28.75";"8";"AEAT";"HP6000 Offline";"AEAT - 2 Couleurs+2 Silvers"
"2 Couleurs+2 Blancs";"0.5";"0.1";"15";"0.42";"10.11";"8";"AEAT";"HP6000 Offline";"AEAT - 2 Couleurs+2 Blancs"
"2 Couleurs+2 Blancs+1 Silver";"0.6";"0.1";"15";"0.42";"17.89";"10";"AEAT";"HP6000 Offline";"AEAT - 2 Couleurs+2 Blancs+1 Silver"
"2 Couleurs+2 Blancs+2 Silvers";"0.67";"0.1";"15";"0.42";"23.07";"12";"AEAT";"HP6000 Offline";"AEAT - 2 Couleurs+2 Blancs+2 Silvers"
"2 Couleurs+2 Blancs+3 Silvers";"0.71";"0.1";"15";"0.42";"26.77";"14";"AEAT";"HP6000 Offline";"AEAT - 2 Couleurs+2 Blancs+3 Silvers"
"2 Couleurs+2 Blancs+4 Silvers";"0.75";"0.1";"15";"0.42";"29.55";"16";"AEAT";"HP6000 Offline";"AEAT - 2 Couleurs+2 Blancs+4 Silvers"
"2 Couleurs+3 Silvers";"0.6";"0.1";"15";"0.42";"32.8";"10";"AEAT";"HP6000 Offline";"AEAT - 2 Couleurs+3 Silvers"
"2 Couleurs+4 Silvers";"0.67";"0.1";"15";"0.42";"35.5";"12";"AEAT";"HP6000 Offline";"AEAT - 2 Couleurs+4 Silvers"
"2 Silvers";"0";"0.1";"15";"0.42";"48.99";"4";"AEAT";"HP6000 Offline";"AEAT - 2 Silvers"
"2 Blancs";"0";"0.1";"15";"0.42";"11.71";"4";"AEAT";"HP6000 Offline";"AEAT - 2 Blancs"
"2 Blancs+1 Silver";"0.33";"0.1";"15";"0.42";"24.14";"6";"AEAT";"HP6000 Offline";"AEAT - 2 Blancs+1 Silver"
"2 Blancs+2 Silvers";"0.5";"0.1";"15";"0.42";"30.35";"8";"AEAT";"HP6000 Offline";"AEAT - 2 Blancs+2 Silvers"
"2 Blancs+3 Silvers";"0.6";"0.1";"15";"0.42";"34.08";"10";"AEAT";"HP6000 Offline";"AEAT - 2 Blancs+3 Silvers"
"2 Blancs+4 Silvers";"0.67";"0.1";"15";"0.42";"36.56";"12";"AEAT";"HP6000 Offline";"AEAT - 2 Blancs+4 Silvers"
"3 Couleurs";"0.33";"0.1";"15";"0.42";"8.52";"6";"AEAT";"HP6000 Offline";"AEAT - 3 Couleurs"
"3 Couleurs+1 Silver";"0.5";"0.1";"15";"0.42";"18.63";"8";"AEAT";"HP6000 Offline";"AEAT - 3 Couleurs+1 Silver"
"3 Couleurs+1 Blanc";"0.5";"0.1";"15";"0.42";"9.31";"8";"AEAT";"HP6000 Offline";"AEAT - 3 Couleurs+1 Blanc"
"3 Couleurs+1 Blanc+1 Silver";"0.6";"0.1";"15";"0.42";"17.25";"10";"AEAT";"HP6000 Offline";"AEAT - 3 Couleurs+1 Blanc+1 Silver"
"3 Couleurs+1 Blanc+2 Silvers";"0.67";"0.1";"15";"0.42";"22.54";"12";"AEAT";"HP6000 Offline";"AEAT - 3 Couleurs+1 Blanc+2 Silvers"
"3 Couleurs+1 Blanc+3 Silvers";"0.71";"0.1";"15";"0.42";"26.32";"14";"AEAT";"HP6000 Offline";"AEAT - 3 Couleurs+1 Blanc+3 Silvers"
"3 Couleurs+1 Blanc+4 Silvers";"0.75";"0.1";"15";"0.42";"29.15";"16";"AEAT";"HP6000 Offline";"AEAT - 3 Couleurs+1 Blanc+4 Silvers"
"3 Couleurs+2 Silvers";"0.6";"0.1";"15";"0.42";"24.7";"10";"AEAT";"HP6000 Offline";"AEAT - 3 Couleurs+2 Silvers"
"3 Couleurs+2 Blancs";"0.6";"0.1";"15";"0.42";"9.79";"10";"AEAT";"HP6000 Offline";"AEAT - 3 Couleurs+2 Blancs"
"3 Couleurs+2 Blancs+1 Silver";"0.67";"0.1";"15";"0.42";"16.33";"12";"AEAT";"HP6000 Offline";"AEAT - 3 Couleurs+2 Blancs+1 Silver"
"3 Couleurs+2 Blancs+2 Silvers";"0.71";"0.1";"15";"0.42";"20.99";"14";"AEAT";"HP6000 Offline";"AEAT - 3 Couleurs+2 Blancs+2 Silvers"
"3 Couleurs+2 Blancs+3 Silvers";"0.75";"0.1";"15";"0.42";"24.49";"16";"AEAT";"HP6000 Offline";"AEAT - 3 Couleurs+2 Blancs+3 Silvers"
"3 Couleurs+2 Blancs+4 Silvers";"0.78";"0.1";"15";"0.42";"27.21";"18";"AEAT";"HP6000 Offline";"AEAT - 3 Couleurs+2 Blancs+4 Silvers"
"3 Couleurs+3 Silvers";"0.67";"0.1";"15";"0.42";"28.75";"12";"AEAT";"HP6000 Offline";"AEAT - 3 Couleurs+3 Silvers"
"3 Couleurs+4 Silvers";"0.71";"0.1";"15";"0.42";"31.64";"14";"AEAT";"HP6000 Offline";"AEAT - 3 Couleurs+4 Silvers"
"3 Silvers";"0.33";"0.1";"15";"0.42";"48.99";"6";"AEAT";"HP6000 Offline";"AEAT - 3 Silvers"
"4 Couleurs";"0.5";"0.1";"15";"0.42";"8.52";"8";"AEAT";"HP6000 Offline";"AEAT - 4 Couleurs"
"4 Couleurs+1 Silver";"0.6";"0.1";"15";"0.42";"16.61";"10";"AEAT";"HP6000 Offline";"AEAT - 4 Couleurs+1 Silver"
"4 Couleurs+1 Blanc";"0.6";"0.1";"15";"0.42";"9.15";"10";"AEAT";"HP6000 Offline";"AEAT - 4 Couleurs+1 Blanc"
"4 Couleurs+1 Blanc+1 Silver";"0.67";"0.1";"15";"0.42";"15.79";"12";"AEAT";"HP6000 Offline";"AEAT - 4 Couleurs+1 Blanc+1 Silver"
"4 Couleurs+1 Blanc+2 Silvers";"0.71";"0.1";"15";"0.42";"20.53";"14";"AEAT";"HP6000 Offline";"AEAT - 4 Couleurs+1 Blanc+2 Silvers"
"4 Couleurs+1 Blanc+3 Silvers";"0.75";"0.1";"15";"0.42";"24.09";"16";"AEAT";"HP6000 Offline";"AEAT - 4 Couleurs+1 Blanc+3 Silvers"
"4 Couleurs+1 Blanc+4 Silvers";"0.78";"0.1";"15";"0.42";"26.86";"18";"AEAT";"HP6000 Offline";"AEAT - 4 Couleurs+1 Blanc+4 Silvers"
"4 Couleurs+2 Silvers";"0.67";"0.1";"15";"0.42";"22.01";"12";"AEAT";"HP6000 Offline";"AEAT - 4 Couleurs+2 Silvers"
"4 Couleurs+2 Blancs";"0.67";"0.1";"15";"0.42";"9.58";"12";"AEAT";"HP6000 Offline";"AEAT - 4 Couleurs+2 Blancs"
"4 Couleurs+2 Blancs+1 Silver";"0.71";"0.1";"15";"0.42";"15.21";"14";"AEAT";"HP6000 Offline";"AEAT - 4 Couleurs+2 Blancs+1 Silver"
"4 Couleurs+2 Blancs+2 Silvers";"0.75";"0.1";"15";"0.42";"19.43";"16";"AEAT";"HP6000 Offline";"AEAT - 4 Couleurs+2 Blancs+2 Silvers"
"4 Couleurs+2 Blancs+3 Silvers";"0.78";"0.1";"15";"0.42";"22.72";"18";"AEAT";"HP6000 Offline";"AEAT - 4 Couleurs+2 Blancs+3 Silvers"
"4 Couleurs+2 Blancs+4 Silvers";"0.8";"0.1";"15";"0.42";"25.34";"20";"AEAT";"HP6000 Offline";"AEAT - 4 Couleurs+2 Blancs+4 Silvers"
"4 Couleurs+3 Silvers";"0.71";"0.1";"15";"0.42";"25.86";"14";"AEAT";"HP6000 Offline";"AEAT - 4 Couleurs+3 Silvers"
"4 Couleurs+4 Silvers";"0.75";"0.1";"15";"0.42";"28.75";"16";"AEAT";"HP6000 Offline";"AEAT - 4 Couleurs+4 Silvers"
"4 Silvers";"0.5";"0.1";"15";"0.42";"48.99";"8";"AEAT";"HP6000 Offline";"AEAT - 4 Silvers"
"5 Couleurs";"0.6";"0.1";"15";"0.42";"8.52";"10";"AEAT";"HP6000 Offline";"AEAT - 5 Couleurs"
"5 Couleurs+1 Silver";"0.67";"0.1";"15";"0.42";"15.26";"12";"AEAT";"HP6000 Offline";"AEAT - 5 Couleurs+1 Silver"
"5 Couleurs+1 Blanc";"0.67";"0.1";"15";"0.42";"9.05";"12";"AEAT";"HP6000 Offline";"AEAT - 5 Couleurs+1 Blanc"
"5 Couleurs+1 Blanc+1 Silver";"0.71";"0.1";"15";"0.42";"14.75";"14";"AEAT";"HP6000 Offline";"AEAT - 5 Couleurs+1 Blanc+1 Silver"
"5 Couleurs+1 Blanc+2 Silvers";"0.75";"0.1";"15";"0.42";"19.03";"16";"AEAT";"HP6000 Offline";"AEAT - 5 Couleurs+1 Blanc+2 Silvers"
"5 Couleurs+1 Blanc+3 Silvers";"0.78";"0.1";"15";"0.42";"22.36";"18";"AEAT";"HP6000 Offline";"AEAT - 5 Couleurs+1 Blanc+3 Silvers"
"5 Couleurs+1 Blanc+4 Silvers";"0.8";"0.1";"15";"0.42";"25.02";"20";"AEAT";"HP6000 Offline";"AEAT - 5 Couleurs+1 Blanc+4 Silvers"
"5 Couleurs+2 Silvers";"0.71";"0.1";"15";"0.42";"20.08";"14";"AEAT";"HP6000 Offline";"AEAT - 5 Couleurs+2 Silvers"
"5 Couleurs+2 Blancs";"0.71";"0.1";"15";"0.42";"9.43";"14";"AEAT";"HP6000 Offline";"AEAT - 5 Couleurs+2 Blancs"
"5 Couleurs+2 Blancs+1 Silver";"0.75";"0.1";"15";"0.42";"14.37";"16";"AEAT";"HP6000 Offline";"AEAT - 5 Couleurs+2 Blancs+1 Silver"
"5 Couleurs+2 Blancs+2 Silvers";"0.78";"0.1";"15";"0.42";"18.22";"18";"AEAT";"HP6000 Offline";"AEAT - 5 Couleurs+2 Blancs+2 Silvers"
"5 Couleurs+2 Blancs+3 Silvers";"0.8";"0.1";"15";"0.42";"21.3";"20";"AEAT";"HP6000 Offline";"AEAT - 5 Couleurs+2 Blancs+3 Silvers"
"5 Couleurs+3 Silvers";"0.75";"0.1";"15";"0.42";"23.69";"16";"AEAT";"HP6000 Offline";"AEAT - 5 Couleurs+3 Silvers"
"5 Couleurs+4 Silvers";"0.78";"0.1";"15";"0.42";"26.5";"18";"AEAT";"HP6000 Offline";"AEAT - 5 Couleurs+4 Silvers"
"6 Couleurs";"0.67";"0.1";"15";"0.42";"8.52";"12";"AEAT";"HP6000 Offline";"AEAT - 6 Couleurs"
"6 Couleurs+1 Silver";"0.71";"0.1";"15";"0.42";"14.3";"14";"AEAT";"HP6000 Offline";"AEAT - 6 Couleurs+1 Silver"
"6 Couleurs+1 Blanc";"0.71";"0.1";"15";"0.42";"8.97";"14";"AEAT";"HP6000 Offline";"AEAT - 6 Couleurs+1 Blanc"
"6 Couleurs+1 Blanc+1 Silver";"0.75";"0.1";"15";"0.42";"13.97";"16";"AEAT";"HP6000 Offline";"AEAT - 6 Couleurs+1 Blanc+1 Silver"
"6 Couleurs+1 Blanc+2 Silvers";"0.78";"0.1";"15";"0.42";"17.86";"18";"AEAT";"HP6000 Offline";"AEAT - 6 Couleurs+1 Blanc+2 Silvers"
"6 Couleurs+1 Blanc+3 Silvers";"0.8";"0.1";"15";"0.42";"20.98";"20";"AEAT";"HP6000 Offline";"AEAT - 6 Couleurs+1 Blanc+3 Silvers"
"6 Couleurs+2 Silvers";"0.75";"0.1";"15";"0.42";"18.63";"16";"AEAT";"HP6000 Offline";"AEAT - 6 Couleurs+2 Silvers"
"6 Couleurs+2 Blancs";"0.75";"0.1";"15";"0.42";"9.31";"16";"AEAT";"HP6000 Offline";"AEAT - 6 Couleurs+2 Blancs"
"6 Couleurs+2 Blancs+1 Silver";"0.78";"0.1";"15";"0.42";"13.72";"18";"AEAT";"HP6000 Offline";"AEAT - 6 Couleurs+2 Blancs+1 Silver"
"6 Couleurs+2 Blancs+2 Silvers";"0.8";"0.1";"15";"0.42";"17.25";"20";"AEAT";"HP6000 Offline";"AEAT - 6 Couleurs+2 Blancs+2 Silvers"
"6 Couleurs+3 Silvers";"0.78";"0.1";"15";"0.42";"22.01";"18";"AEAT";"HP6000 Offline";"AEAT - 6 Couleurs+3 Silvers"
"6 Couleurs+4 Silvers";"0.8";"0.1";"15";"0.42";"24.7";"20";"AEAT";"HP6000 Offline";"AEAT - 6 Couleurs+4 Silvers"
"7 Couleurs";"0.71";"0.1";"15";"0.42";"8.52";"14";"AEAT";"HP6000 Offline";"AEAT - 7 Couleurs"
"7 Couleurs+1 Silver";"0.75";"0.1";"15";"0.42";"13.57";"16";"AEAT";"HP6000 Offline";"AEAT - 7 Couleurs+1 Silver"
"7 Couleurs+1 Blanc";"0.75";"0.1";"15";"0.42";"8.91";"16";"AEAT";"HP6000 Offline";"AEAT - 7 Couleurs+1 Blanc"
"7 Couleurs+1 Blanc+1 Silver";"0.78";"0.1";"15";"0.42";"13.37";"18";"AEAT";"HP6000 Offline";"AEAT - 7 Couleurs+1 Blanc+1 Silver"
"7 Couleurs+1 Blanc+2 Silvers";"0.8";"0.1";"15";"0.42";"16.93";"20";"AEAT";"HP6000 Offline";"AEAT - 7 Couleurs+1 Blanc+2 Silvers"
"7 Couleurs+2 Silvers";"0.78";"0.1";"15";"0.42";"17.51";"18";"AEAT";"HP6000 Offline";"AEAT - 7 Couleurs+2 Silvers"
"7 Couleurs+2 Blancs";"0.78";"0.1";"15";"0.42";"9.23";"18";"AEAT";"HP6000 Offline";"AEAT - 7 Couleurs+2 Blancs"
"7 Couleurs+2 Blancs+1 Silver";"0.8";"0.1";"15";"0.42";"13.2";"20";"AEAT";"HP6000 Offline";"AEAT - 7 Couleurs+2 Blancs+1 Silver"
"7 Couleurs+3 Silvers";"0.8";"0.1";"15";"0.42";"20.66";"20";"AEAT";"HP6000 Offline";"AEAT - 7 Couleurs+3 Silvers"
"8 Couleurs+1 Silver";"0.78";"0.1";"15";"0.42";"13.01";"18";"AEAT";"HP6000 Offline";"AEAT - 8 Couleurs+1 Silver"
"8 Couleurs+1 Blanc";"0.78";"0.1";"15";"0.42";"8.87";"18";"AEAT";"HP6000 Offline";"AEAT - 8 Couleurs+1 Blanc"
"8 Couleurs+1 Blanc+1 Silver";"0.8";"0.1";"15";"0.42";"12.88";"20";"AEAT";"HP6000 Offline";"AEAT - 8 Couleurs+1 Blanc+1 Silver"
"8 Couleurs+2 Silvers";"0.8";"0.1";"15";"0.42";"16.61";"20";"AEAT";"HP6000 Offline";"AEAT - 8 Couleurs+2 Silvers"
"8 Couleurs+2 Blancs";"0.8";"0.1";"15";"0.42";"9.15";"20";"AEAT";"HP6000 Offline";"AEAT - 8 Couleurs+2 Blancs"
"8 Couleurs+4 Blancs";"0.83";"0.1";"15";"0.42";"9.58";"24";"AEAT";"HP6000 Offline";"AEAT - 8 Couleurs+4 Blancs"
"8 Couleurs+6 Blancs";"0.86";"0.1";"15";"0.42";"9.88";"28";"AEAT";"HP6000 Offline";"AEAT - 8 Couleurs+6 Blancs"
"Noir";"0";"0.1";"15";"0.42";"8.52";"2";"AEBO";"HP6000 Offline";"AEBO - Noir"
"Noir+1 Silver";"0";"0.1";"15";"0.42";"28.75";"4";"AEBO";"HP6000 Offline";"AEBO - Noir+1 Silver"
"Noir+1 Blanc";"0";"0.1";"15";"0.42";"10.11";"4";"AEBO";"HP6000 Offline";"AEBO - Noir+1 Blanc"
"Noir+1 Blanc+1 Silver";"0.33";"0.1";"15";"0.42";"23.07";"6";"AEBO";"HP6000 Offline";"AEBO - Noir+1 Blanc+1 Silver"
"Noir+1 Blanc+2 Silvers";"0.5";"0.1";"15";"0.42";"29.55";"8";"AEBO";"HP6000 Offline";"AEBO - Noir+1 Blanc+2 Silvers"
"Noir+2 Silvers";"0.33";"0.1";"15";"0.42";"35.5";"6";"AEBO";"HP6000 Offline";"AEBO - Noir+2 Silvers"
"Noir+2 Blancs";"0.33";"0.1";"15";"0.42";"10.65";"6";"AEBO";"HP6000 Offline";"AEBO - Noir+2 Blancs"
"Noir+2 Blancs+1 Silver";"0.5";"0.1";"15";"0.42";"20.23";"8";"AEBO";"HP6000 Offline";"AEBO - Noir+2 Blancs+1 Silver"
"Noir+2 Blancs+2 Silvers";"0.6";"0.1";"15";"0.42";"25.98";"10";"AEBO";"HP6000 Offline";"AEBO - Noir+2 Blancs+2 Silvers"
"1 Silver";"0";"0.1";"15";"0.42";"48.99";"2";"AEBO";"HP6000 Offline";"AEBO - 1 Silver"
"1 Blanc";"0";"0.1";"15";"0.42";"11.71";"2";"AEBO";"HP6000 Offline";"AEBO - 1 Blanc"
"1 Blanc+1 Silver";"0";"0.1";"15";"0.42";"30.35";"4";"AEBO";"HP6000 Offline";"AEBO - 1 Blanc+1 Silver"
"1 Blanc+2 Silvers";"0.33";"0.1";"15";"0.42";"36.56";"6";"AEBO";"HP6000 Offline";"AEBO - 1 Blanc+2 Silvers"
"2 Couleurs";"0";"0.1";"15";"0.42";"8.52";"4";"AEBO";"HP6000 Offline";"AEBO - 2 Couleurs"
"2 Couleurs+1 Silver";"0.33";"0.1";"15";"0.42";"22.01";"6";"AEBO";"HP6000 Offline";"AEBO - 2 Couleurs+1 Silver"
"2 Couleurs+1 Blanc";"0.33";"0.1";"15";"0.42";"9.58";"6";"AEBO";"HP6000 Offline";"AEBO - 2 Couleurs+1 Blanc"
"2 Couleurs+1 Blanc+1 Silver";"0.5";"0.1";"15";"0.42";"19.43";"8";"AEBO";"HP6000 Offline";"AEBO - 2 Couleurs+1 Blanc+1 Silver"
"2 Couleurs+1 Blanc+2 Silvers";"0.6";"0.1";"15";"0.42";"25.34";"10";"AEBO";"HP6000 Offline";"AEBO - 2 Couleurs+1 Blanc+2 Silvers"
"2 Couleurs+2 Silvers";"0.5";"0.1";"15";"0.42";"28.75";"8";"AEBO";"HP6000 Offline";"AEBO - 2 Couleurs+2 Silvers"
"2 Couleurs+2 Blancs";"0.5";"0.1";"15";"0.42";"10.11";"8";"AEBO";"HP6000 Offline";"AEBO - 2 Couleurs+2 Blancs"
"2 Couleurs+2 Blancs+1 Silver";"0.6";"0.1";"15";"0.42";"17.89";"10";"AEBO";"HP6000 Offline";"AEBO - 2 Couleurs+2 Blancs+1 Silver"
"2 Couleurs+2 Blancs+2 Silvers";"0.67";"0.1";"15";"0.42";"23.07";"12";"AEBO";"HP6000 Offline";"AEBO - 2 Couleurs+2 Blancs+2 Silvers"
"2 Silvers";"0";"0.1";"15";"0.42";"48.99";"4";"AEBO";"HP6000 Offline";"AEBO - 2 Silvers"
"2 Blancs";"0";"0.1";"15";"0.42";"11.71";"4";"AEBO";"HP6000 Offline";"AEBO - 2 Blancs"
"2 Blancs+1 Silver";"0.33";"0.1";"15";"0.42";"24.14";"6";"AEBO";"HP6000 Offline";"AEBO - 2 Blancs+1 Silver"
"2 Blancs+2 Silvers";"0.5";"0.1";"15";"0.42";"30.35";"8";"AEBO";"HP6000 Offline";"AEBO - 2 Blancs+2 Silvers"
"3 Couleurs";"0.33";"0.1";"15";"0.42";"8.52";"6";"AEBO";"HP6000 Offline";"AEBO - 3 Couleurs"
"3 Couleurs+1 Silver";"0.5";"0.1";"15";"0.42";"18.63";"8";"AEBO";"HP6000 Offline";"AEBO - 3 Couleurs+1 Silver"
"3 Couleurs+1 Blanc";"0.5";"0.1";"15";"0.42";"9.31";"8";"AEBO";"HP6000 Offline";"AEBO - 3 Couleurs+1 Blanc"
"3 Couleurs+1 Blanc+1 Silver";"0.6";"0.1";"15";"0.42";"17.25";"10";"AEBO";"HP6000 Offline";"AEBO - 3 Couleurs+1 Blanc+1 Silver"
"3 Couleurs+1 Blanc+2 Silvers";"0.67";"0.1";"15";"0.42";"22.54";"12";"AEBO";"HP6000 Offline";"AEBO - 3 Couleurs+1 Blanc+2 Silvers"
"3 Couleurs+2 Silvers";"0.6";"0.1";"15";"0.42";"24.7";"10";"AEBO";"HP6000 Offline";"AEBO - 3 Couleurs+2 Silvers"
"3 Couleurs+2 Blancs";"0.6";"0.1";"15";"0.42";"9.79";"10";"AEBO";"HP6000 Offline";"AEBO - 3 Couleurs+2 Blancs"
"3 Couleurs+2 Blancs+1 Silver";"0.67";"0.1";"15";"0.42";"16.33";"12";"AEBO";"HP6000 Offline";"AEBO - 3 Couleurs+2 Blancs+1 Silver"
"3 Couleurs+2 Blancs+2 Silvers";"0.71";"0.1";"15";"0.42";"20.99";"14";"AEBO";"HP6000 Offline";"AEBO - 3 Couleurs+2 Blancs+2 Silvers"
"4 Couleurs";"0.5";"0.1";"15";"0.42";"8.52";"8";"AEBO";"HP6000 Offline";"AEBO - 4 Couleurs"
"4 Couleurs+1 Silver";"0.6";"0.1";"15";"0.42";"16.61";"10";"AEBO";"HP6000 Offline";"AEBO - 4 Couleurs+1 Silver"
"4 Couleurs+1 Blanc";"0.6";"0.1";"15";"0.42";"9.15";"10";"AEBO";"HP6000 Offline";"AEBO - 4 Couleurs+1 Blanc"
"4 Couleurs+1 Blanc+1 Silver";"0.67";"0.1";"15";"0.42";"15.79";"12";"AEBO";"HP6000 Offline";"AEBO - 4 Couleurs+1 Blanc+1 Silver"
"4 Couleurs+1 Blanc+2 Silvers";"0.71";"0.1";"15";"0.42";"20.53";"14";"AEBO";"HP6000 Offline";"AEBO - 4 Couleurs+1 Blanc+2 Silvers"
"4 Couleurs+2 Silvers";"0.67";"0.1";"15";"0.42";"22.01";"12";"AEBO";"HP6000 Offline";"AEBO - 4 Couleurs+2 Silvers"
"4 Couleurs+2 Blancs";"0.67";"0.1";"15";"0.42";"9.58";"12";"AEBO";"HP6000 Offline";"AEBO - 4 Couleurs+2 Blancs"
"4 Couleurs+2 Blancs+1 Silver";"0.71";"0.1";"15";"0.42";"15.21";"14";"AEBO";"HP6000 Offline";"AEBO - 4 Couleurs+2 Blancs+1 Silver"
"4 Couleurs+2 Blancs+2 Silvers";"0.75";"0.1";"15";"0.42";"19.43";"16";"AEBO";"HP6000 Offline";"AEBO - 4 Couleurs+2 Blancs+2 Silvers"
"5 Couleurs";"0.6";"0.1";"15";"0.42";"8.52";"10";"AEBO";"HP6000 Offline";"AEBO - 5 Couleurs"
"5 Couleurs+1 Blanc";"0.67";"0.1";"15";"0.42";"9.05";"12";"AEBO";"HP6000 Offline";"AEBO - 5 Couleurs+1 Blanc"
"5 Couleurs+2 Blancs";"0.71";"0.1";"15";"0.42";"9.43";"14";"AEBO";"HP6000 Offline";"AEBO - 5 Couleurs+2 Blancs"
"6 Couleurs";"0.67";"0.1";"15";"0.42";"8.52";"12";"AEBO";"HP6000 Offline";"AEBO - 6 Couleurs"
"6 Couleurs+1 Blanc";"0.71";"0.1";"15";"0.42";"8.97";"14";"AEBO";"HP6000 Offline";"AEBO - 6 Couleurs+1 Blanc"
"6 Couleurs+2 Blancs";"0.75";"0.1";"15";"0.42";"9.31";"16";"AEBO";"HP6000 Offline";"AEBO - 6 Couleurs+2 Blancs"
"7 Couleurs";"0.71";"0.1";"15";"0.42";"8.52";"14";"AEBO";"HP6000 Offline";"AEBO - 7 Couleurs"
"7 Couleurs+1 Blanc";"0.75";"0.1";"15";"0.42";"8.91";"16";"AEBO";"HP6000 Offline";"AEBO - 7 Couleurs+1 Blanc"
"7 Couleurs+2 Blancs";"0.78";"0.1";"15";"0.42";"9.23";"18";"AEBO";"HP6000 Offline";"AEBO - 7 Couleurs+2 Blancs"
"8 Couleurs";"0.75";"0.1";"15";"0.42";"8.52";"16";"AEBO";"HP6000 Offline";"AEBO - 8 Couleurs"
"8 Couleurs+1 Blanc";"0.78";"0.1";"15";"0.42";"8.87";"18";"AEBO";"HP6000 Offline";"AEBO - 8 Couleurs+1 Blanc"
"8 Couleurs+2 Blancs";"0.8";"0.1";"15";"0.42";"9.15";"20";"AEBO";"HP6000 Offline";"AEBO - 8 Couleurs+2 Blancs"
"9 Couleurs";"0.78";"0.1";"15";"0.42";"8.52";"18";"AEBO";"HP6000 Offline";"AEBO - 9 Couleurs"
"9 Couleurs+1 Blanc";"0.8";"0.1";"15";"0.42";"8.83";"20";"AEBO";"HP6000 Offline";"AEBO - 9 Couleurs+1 Blanc"
"Noir";"0";"0.1";"15";"0.42";"8.52";"2";"AEEP";"HP6000 Offline";"AEEP - Noir"
"Noir+1 Silver";"0";"0.1";"15";"0.42";"28.75";"4";"AEEP";"HP6000 Offline";"AEEP - Noir+1 Silver"
"Noir+1 Blanc";"0";"0.1";"15";"0.42";"10.11";"4";"AEEP";"HP6000 Offline";"AEEP - Noir+1 Blanc"
"Noir+1 Blanc+1 Silver";"0.33";"0.1";"15";"0.42";"23.07";"6";"AEEP";"HP6000 Offline";"AEEP - Noir+1 Blanc+1 Silver"
"Noir+1 Blanc+2 Silvers";"0.5";"0.1";"15";"0.42";"29.55";"8";"AEEP";"HP6000 Offline";"AEEP - Noir+1 Blanc+2 Silvers"
"Noir+2 Silvers";"0.33";"0.1";"15";"0.42";"35.5";"6";"AEEP";"HP6000 Offline";"AEEP - Noir+2 Silvers"
"Noir+2 Blancs";"0.33";"0.1";"15";"0.42";"10.65";"6";"AEEP";"HP6000 Offline";"AEEP - Noir+2 Blancs"
"Noir+2 Blancs+1 Silver";"0.5";"0.1";"15";"0.42";"20.23";"8";"AEEP";"HP6000 Offline";"AEEP - Noir+2 Blancs+1 Silver"
"Noir+2 Blancs+2 Silvers";"0.6";"0.1";"15";"0.42";"25.98";"10";"AEEP";"HP6000 Offline";"AEEP - Noir+2 Blancs+2 Silvers"
"1 Silver";"0";"0.1";"15";"0.42";"48.99";"2";"AEEP";"HP6000 Offline";"AEEP - 1 Silver"
"1 Blanc";"0";"0.1";"15";"0.42";"11.71";"2";"AEEP";"HP6000 Offline";"AEEP - 1 Blanc"
"1 Blanc+1 Silver";"0";"0.1";"15";"0.42";"30.35";"4";"AEEP";"HP6000 Offline";"AEEP - 1 Blanc+1 Silver"
"1 Blanc+2 Silvers";"0.33";"0.1";"15";"0.42";"36.56";"6";"AEEP";"HP6000 Offline";"AEEP - 1 Blanc+2 Silvers"
"2 Couleurs";"0";"0.1";"15";"0.42";"8.52";"4";"AEEP";"HP6000 Offline";"AEEP - 2 Couleurs"
"2 Couleurs+1 Silver";"0.33";"0.1";"15";"0.42";"22.01";"6";"AEEP";"HP6000 Offline";"AEEP - 2 Couleurs+1 Silver"
"2 Couleurs+1 Blanc";"0.33";"0.1";"15";"0.42";"9.58";"6";"AEEP";"HP6000 Offline";"AEEP - 2 Couleurs+1 Blanc"
"2 Couleurs+1 Blanc+1 Silver";"0.5";"0.1";"15";"0.42";"19.43";"8";"AEEP";"HP6000 Offline";"AEEP - 2 Couleurs+1 Blanc+1 Silver"
"2 Couleurs+1 Blanc+2 Silvers";"0.6";"0.1";"15";"0.42";"25.34";"10";"AEEP";"HP6000 Offline";"AEEP - 2 Couleurs+1 Blanc+2 Silvers"
"2 Couleurs+2 Silvers";"0.5";"0.1";"15";"0.42";"28.75";"8";"AEEP";"HP6000 Offline";"AEEP - 2 Couleurs+2 Silvers"
"2 Couleurs+2 Blancs";"0.5";"0.1";"15";"0.42";"10.11";"8";"AEEP";"HP6000 Offline";"AEEP - 2 Couleurs+2 Blancs"
"2 Couleurs+2 Blancs+1 Silver";"0.6";"0.1";"15";"0.42";"17.89";"10";"AEEP";"HP6000 Offline";"AEEP - 2 Couleurs+2 Blancs+1 Silver"
"2 Couleurs+2 Blancs+2 Silvers";"0.67";"0.1";"15";"0.42";"23.07";"12";"AEEP";"HP6000 Offline";"AEEP - 2 Couleurs+2 Blancs+2 Silvers"
"2 Silvers";"0";"0.1";"15";"0.42";"48.99";"4";"AEEP";"HP6000 Offline";"AEEP - 2 Silvers"
"2 Blancs";"0";"0.1";"15";"0.42";"11.71";"4";"AEEP";"HP6000 Offline";"AEEP - 2 Blancs"
"2 Blancs+1 Silver";"0.33";"0.1";"15";"0.42";"24.14";"6";"AEEP";"HP6000 Offline";"AEEP - 2 Blancs+1 Silver"
"2 Blancs+2 Silvers";"0.5";"0.1";"15";"0.42";"30.35";"8";"AEEP";"HP6000 Offline";"AEEP - 2 Blancs+2 Silvers"
"3 Couleurs";"0.33";"0.1";"15";"0.42";"8.52";"6";"AEEP";"HP6000 Offline";"AEEP - 3 Couleurs"
"3 Couleurs+1 Silver";"0.5";"0.1";"15";"0.42";"18.63";"8";"AEEP";"HP6000 Offline";"AEEP - 3 Couleurs+1 Silver"
"3 Couleurs+1 Blanc";"0.5";"0.1";"15";"0.42";"9.31";"8";"AEEP";"HP6000 Offline";"AEEP - 3 Couleurs+1 Blanc"
"3 Couleurs+1 Blanc+1 Silver";"0.6";"0.1";"15";"0.42";"17.25";"10";"AEEP";"HP6000 Offline";"AEEP - 3 Couleurs+1 Blanc+1 Silver"
"3 Couleurs+1 Blanc+2 Silvers";"0.67";"0.1";"15";"0.42";"22.54";"12";"AEEP";"HP6000 Offline";"AEEP - 3 Couleurs+1 Blanc+2 Silvers"
"3 Couleurs+2 Silvers";"0.6";"0.1";"15";"0.42";"24.7";"10";"AEEP";"HP6000 Offline";"AEEP - 3 Couleurs+2 Silvers"
"3 Couleurs+2 Blancs";"0.6";"0.1";"15";"0.42";"9.79";"10";"AEEP";"HP6000 Offline";"AEEP - 3 Couleurs+2 Blancs"
"3 Couleurs+2 Blancs+1 Silver";"0.67";"0.1";"15";"0.42";"16.33";"12";"AEEP";"HP6000 Offline";"AEEP - 3 Couleurs+2 Blancs+1 Silver"
"3 Couleurs+2 Blancs+2 Silvers";"0.71";"0.1";"15";"0.42";"20.99";"14";"AEEP";"HP6000 Offline";"AEEP - 3 Couleurs+2 Blancs+2 Silvers"
"4 Couleurs";"0.5";"0.1";"15";"0.42";"8.52";"8";"AEEP";"HP6000 Offline";"AEEP - 4 Couleurs"
"4 Couleurs+1 Silver";"0.6";"0.1";"15";"0.42";"16.61";"10";"AEEP";"HP6000 Offline";"AEEP - 4 Couleurs+1 Silver"
"4 Couleurs+1 Blanc";"0.6";"0.1";"15";"0.42";"9.15";"10";"AEEP";"HP6000 Offline";"AEEP - 4 Couleurs+1 Blanc"
"4 Couleurs+1 Blanc+1 Silver";"0.67";"0.1";"15";"0.42";"15.79";"12";"AEEP";"HP6000 Offline";"AEEP - 4 Couleurs+1 Blanc+1 Silver"
"4 Couleurs+1 Blanc+2 Silvers";"0.71";"0.1";"15";"0.42";"20.53";"14";"AEEP";"HP6000 Offline";"AEEP - 4 Couleurs+1 Blanc+2 Silvers"
"4 Couleurs+2 Silvers";"0.67";"0.1";"15";"0.42";"22.01";"12";"AEEP";"HP6000 Offline";"AEEP - 4 Couleurs+2 Silvers"
"4 Couleurs+2 Blancs";"0.67";"0.1";"15";"0.42";"9.58";"12";"AEEP";"HP6000 Offline";"AEEP - 4 Couleurs+2 Blancs"
"4 Couleurs+2 Blancs+1 Silver";"0.71";"0.1";"15";"0.42";"15.21";"14";"AEEP";"HP6000 Offline";"AEEP - 4 Couleurs+2 Blancs+1 Silver"
"4 Couleurs+2 Blancs+2 Silvers";"0.75";"0.1";"15";"0.42";"19.43";"16";"AEEP";"HP6000 Offline";"AEEP - 4 Couleurs+2 Blancs+2 Silvers"
"5 Couleurs";"0.6";"0.1";"15";"0.42";"8.52";"10";"AEEP";"HP6000 Offline";"AEEP - 5 Couleurs"
"5 Couleurs+1 Silver";"0.67";"0.1";"15";"0.42";"15.26";"12";"AEEP";"HP6000 Offline";"AEEP - 5 Couleurs+1 Silver"
"5 Couleurs+1 Blanc";"0.67";"0.1";"15";"0.42";"9.05";"12";"AEEP";"HP6000 Offline";"AEEP - 5 Couleurs+1 Blanc"
"5 Couleurs+1 Blanc+1 Silver";"0.71";"0.1";"15";"0.42";"14.75";"14";"AEEP";"HP6000 Offline";"AEEP - 5 Couleurs+1 Blanc+1 Silver"
"5 Couleurs+1 Blanc+2 Silvers";"0.75";"0.1";"15";"0.42";"19.03";"16";"AEEP";"HP6000 Offline";"AEEP - 5 Couleurs+1 Blanc+2 Silvers"
"5 Couleurs+2 Silvers";"0.71";"0.1";"15";"0.42";"20.08";"14";"AEEP";"HP6000 Offline";"AEEP - 5 Couleurs+2 Silvers"
"5 Couleurs+2 Blancs";"0.71";"0.1";"15";"0.42";"9.43";"14";"AEEP";"HP6000 Offline";"AEEP - 5 Couleurs+2 Blancs"
"5 Couleurs+2 Blancs+1 Silver";"0.75";"0.1";"15";"0.42";"14.37";"16";"AEEP";"HP6000 Offline";"AEEP - 5 Couleurs+2 Blancs+1 Silver"
"5 Couleurs+2 Blancs+2 Silvers";"0.78";"0.1";"15";"0.42";"18.22";"18";"AEEP";"HP6000 Offline";"AEEP - 5 Couleurs+2 Blancs+2 Silvers"
"6 Couleurs";"0.67";"0.1";"15";"0.42";"8.52";"12";"AEEP";"HP6000 Offline";"AEEP - 6 Couleurs"
"6 Couleurs+1 Silver";"0.71";"0.1";"15";"0.42";"14.3";"14";"AEEP";"HP6000 Offline";"AEEP - 6 Couleurs+1 Silver"
"6 Couleurs+1 Blanc";"0.71";"0.1";"15";"0.42";"8.97";"14";"AEEP";"HP6000 Offline";"AEEP - 6 Couleurs+1 Blanc"
"6 Couleurs+1 Blanc+1 Silver";"0.75";"0.1";"15";"0.42";"13.97";"16";"AEEP";"HP6000 Offline";"AEEP - 6 Couleurs+1 Blanc+1 Silver"
"6 Couleurs+1 Blanc+2 Silvers";"0.78";"0.1";"15";"0.42";"17.86";"18";"AEEP";"HP6000 Offline";"AEEP - 6 Couleurs+1 Blanc+2 Silvers"
"6 Couleurs+2 Silvers";"0.75";"0.1";"15";"0.42";"18.63";"16";"AEEP";"HP6000 Offline";"AEEP - 6 Couleurs+2 Silvers"
"6 Couleurs+2 Blancs";"0.75";"0.1";"15";"0.42";"9.31";"16";"AEEP";"HP6000 Offline";"AEEP - 6 Couleurs+2 Blancs"
"6 Couleurs+2 Blancs+1 Silver";"0.78";"0.1";"15";"0.42";"13.72";"18";"AEEP";"HP6000 Offline";"AEEP - 6 Couleurs+2 Blancs+1 Silver"
"6 Couleurs+2 Blancs+2 Silvers";"0.8";"0.1";"15";"0.42";"17.25";"20";"AEEP";"HP6000 Offline";"AEEP - 6 Couleurs+2 Blancs+2 Silvers"
"7 Couleurs";"0.71";"0.1";"15";"0.42";"8.52";"14";"AEEP";"HP6000 Offline";"AEEP - 7 Couleurs"
"7 Couleurs+1 Silver";"0.75";"0.1";"15";"0.42";"13.57";"16";"AEEP";"HP6000 Offline";"AEEP - 7 Couleurs+1 Silver"
"7 Couleurs+1 Blanc";"0.75";"0.1";"15";"0.42";"8.91";"16";"AEEP";"HP6000 Offline";"AEEP - 7 Couleurs+1 Blanc"
"7 Couleurs+1 Blanc+1 Silver";"0.78";"0.1";"15";"0.42";"13.37";"18";"AEEP";"HP6000 Offline";"AEEP - 7 Couleurs+1 Blanc+1 Silver"
"7 Couleurs+1 Blanc+2 Silvers";"0.8";"0.1";"15";"0.42";"16.93";"20";"AEEP";"HP6000 Offline";"AEEP - 7 Couleurs+1 Blanc+2 Silvers"
"7 Couleurs+2 Silvers";"0.78";"0.1";"15";"0.42";"17.51";"18";"AEEP";"HP6000 Offline";"AEEP - 7 Couleurs+2 Silvers"
"7 Couleurs+2 Blancs";"0.78";"0.1";"15";"0.42";"9.23";"18";"AEEP";"HP6000 Offline";"AEEP - 7 Couleurs+2 Blancs"
"7 Couleurs+2 Blancs+1 Silver";"0.8";"0.1";"15";"0.42";"13.2";"20";"AEEP";"HP6000 Offline";"AEEP - 7 Couleurs+2 Blancs+1 Silver"
"8 Couleurs";"0.75";"0.1";"15";"0.42";"8.52";"16";"AEEP";"HP6000 Offline";"AEEP - 8 Couleurs"
"8 Couleurs+1 Silver";"0.78";"0.1";"15";"0.42";"13.01";"18";"AEEP";"HP6000 Offline";"AEEP - 8 Couleurs+1 Silver"
"8 Couleurs+1 Blanc";"0.78";"0.1";"15";"0.42";"8.87";"18";"AEEP";"HP6000 Offline";"AEEP - 8 Couleurs+1 Blanc"
"8 Couleurs+1 Blanc+1 Silver";"0.8";"0.1";"15";"0.42";"12.88";"20";"AEEP";"HP6000 Offline";"AEEP - 8 Couleurs+1 Blanc+1 Silver"
"8 Couleurs+2 Silvers";"0.8";"0.1";"15";"0.42";"16.61";"20";"AEEP";"HP6000 Offline";"AEEP - 8 Couleurs+2 Silvers"
"8 Couleurs+2 Blancs";"0.8";"0.1";"15";"0.42";"9.15";"20";"AEEP";"HP6000 Offline";"AEEP - 8 Couleurs+2 Blancs"
"9 Couleurs";"0.78";"0.1";"15";"0.42";"8.52";"18";"AEEP";"HP6000 Offline";"AEEP - 9 Couleurs"
"9 Couleurs+1 Silver";"0.8";"0.1";"15";"0.42";"12.56";"20";"AEEP";"HP6000 Offline";"AEEP - 9 Couleurs+1 Silver"
"9 Couleurs+1 Blanc";"0.8";"0.1";"15";"0.42";"8.83";"20";"AEEP";"HP6000 Offline";"AEEP - 9 Couleurs+1 Blanc"
"9 Couleurs+2 Blancs";"0.82";"0.1";"15";"0.42";"9.1";"22";"AEEP";"HP6000 Offline";"AEEP - 9 Couleurs+2 Blancs"
"Noir";"0";"0.1";"15";"0.42";"8.52";"2";"AELO";"HP6000 Offline";"AELO - Noir"
"Noir+1 Silver";"0";"0.1";"15";"0.42";"28.75";"4";"AELO";"HP6000 Offline";"AELO - Noir+1 Silver"
"Noir+1 Blanc";"0";"0.1";"15";"0.42";"10.11";"4";"AELO";"HP6000 Offline";"AELO - Noir+1 Blanc"
"Noir+1 Blanc+1 Silver";"0.33";"0.1";"15";"0.42";"23.07";"6";"AELO";"HP6000 Offline";"AELO - Noir+1 Blanc+1 Silver"
"Noir+1 Blanc+2 Silvers";"0.5";"0.1";"15";"0.42";"29.55";"8";"AELO";"HP6000 Offline";"AELO - Noir+1 Blanc+2 Silvers"
"Noir+1 Blanc+3 Silvers";"0.6";"0.1";"15";"0.42";"33.44";"10";"AELO";"HP6000 Offline";"AELO - Noir+1 Blanc+3 Silvers"
"Noir+1 Blanc+4 Silvers";"0.67";"0.1";"15";"0.42";"36.03";"12";"AELO";"HP6000 Offline";"AELO - Noir+1 Blanc+4 Silvers"
"Noir+2 Silvers";"0.33";"0.1";"15";"0.42";"35.5";"6";"AELO";"HP6000 Offline";"AELO - Noir+2 Silvers"
"Noir+2 Blancs";"0.33";"0.1";"15";"0.42";"10.65";"6";"AELO";"HP6000 Offline";"AELO - Noir+2 Blancs"
"Noir+2 Blancs+1 Silver";"0.5";"0.1";"15";"0.42";"20.23";"8";"AELO";"HP6000 Offline";"AELO - Noir+2 Blancs+1 Silver"
"Noir+2 Blancs+2 Silvers";"0.6";"0.1";"15";"0.42";"25.98";"10";"AELO";"HP6000 Offline";"AELO - Noir+2 Blancs+2 Silvers"
"Noir+2 Blancs+3 Silvers";"0.67";"0.1";"15";"0.42";"29.82";"12";"AELO";"HP6000 Offline";"AELO - Noir+2 Blancs+3 Silvers"
"Noir+2 Blancs+4 Silvers";"0.71";"0.1";"15";"0.42";"32.55";"14";"AELO";"HP6000 Offline";"AELO - Noir+2 Blancs+4 Silvers"
"Noir+3 Silvers";"0.5";"0.1";"15";"0.42";"38.87";"8";"AELO";"HP6000 Offline";"AELO - Noir+3 Silvers"
"Noir+4 Silvers";"0.6";"0.1";"15";"0.42";"40.89";"10";"AELO";"HP6000 Offline";"AELO - Noir+4 Silvers"
"1 Silver";"0";"0.1";"15";"0.42";"48.99";"2";"AELO";"HP6000 Offline";"AELO - 1 Silver"
"1 Blanc";"0";"0.1";"15";"0.42";"11.71";"2";"AELO";"HP6000 Offline";"AELO - 1 Blanc"
"1 Blanc+1 Silver";"0";"0.1";"15";"0.42";"30.35";"4";"AELO";"HP6000 Offline";"AELO - 1 Blanc+1 Silver"
"1 Blanc+2 Silvers";"0.33";"0.1";"15";"0.42";"36.56";"6";"AELO";"HP6000 Offline";"AELO - 1 Blanc+2 Silvers"
"1 Blanc+3 Silvers";"0.5";"0.1";"15";"0.42";"39.67";"8";"AELO";"HP6000 Offline";"AELO - 1 Blanc+3 Silvers"
"1 Blanc+4 Silvers";"0.6";"0.1";"15";"0.42";"41.53";"10";"AELO";"HP6000 Offline";"AELO - 1 Blanc+4 Silvers"
"2 Couleurs";"0";"0.1";"15";"0.42";"8.52";"4";"AELO";"HP6000 Offline";"AELO - 2 Couleurs"
"2 Couleurs+1 Silver";"0.33";"0.1";"15";"0.42";"22.01";"6";"AELO";"HP6000 Offline";"AELO - 2 Couleurs+1 Silver"
"2 Couleurs+1 Blanc";"0.33";"0.1";"15";"0.42";"9.58";"6";"AELO";"HP6000 Offline";"AELO - 2 Couleurs+1 Blanc"
"2 Couleurs+1 Blanc+1 Silver";"0.5";"0.1";"15";"0.42";"19.43";"8";"AELO";"HP6000 Offline";"AELO - 2 Couleurs+1 Blanc+1 Silver"
"2 Couleurs+1 Blanc+2 Silvers";"0.6";"0.1";"15";"0.42";"25.34";"10";"AELO";"HP6000 Offline";"AELO - 2 Couleurs+1 Blanc+2 Silvers"
"2 Couleurs+1 Blanc+3 Silvers";"0.67";"0.1";"15";"0.42";"29.28";"12";"AELO";"HP6000 Offline";"AELO - 2 Couleurs+1 Blanc+3 Silvers"
"2 Couleurs+1 Blanc+4 Silvers";"0.71";"0.1";"15";"0.42";"32.1";"14";"AELO";"HP6000 Offline";"AELO - 2 Couleurs+1 Blanc+4 Silvers"
"2 Couleurs+2 Silvers";"0.5";"0.1";"15";"0.42";"28.75";"8";"AELO";"HP6000 Offline";"AELO - 2 Couleurs+2 Silvers"
"2 Couleurs+2 Blancs";"0.5";"0.1";"15";"0.42";"10.11";"8";"AELO";"HP6000 Offline";"AELO - 2 Couleurs+2 Blancs"
"2 Couleurs+2 Blancs+1 Silver";"0.6";"0.1";"15";"0.42";"17.89";"10";"AELO";"HP6000 Offline";"AELO - 2 Couleurs+2 Blancs+1 Silver"
"2 Couleurs+2 Blancs+2 Silvers";"0.67";"0.1";"15";"0.42";"23.07";"12";"AELO";"HP6000 Offline";"AELO - 2 Couleurs+2 Blancs+2 Silvers"
"2 Couleurs+2 Blancs+3 Silvers";"0.71";"0.1";"15";"0.42";"26.77";"14";"AELO";"HP6000 Offline";"AELO - 2 Couleurs+2 Blancs+3 Silvers"
"2 Couleurs+2 Blancs+4 Silvers";"0.75";"0.1";"15";"0.42";"29.55";"16";"AELO";"HP6000 Offline";"AELO - 2 Couleurs+2 Blancs+4 Silvers"
"2 Couleurs+3 Silvers";"0.6";"0.1";"15";"0.42";"32.8";"10";"AELO";"HP6000 Offline";"AELO - 2 Couleurs+3 Silvers"
"2 Couleurs+4 Silvers";"0.67";"0.1";"15";"0.42";"35.5";"12";"AELO";"HP6000 Offline";"AELO - 2 Couleurs+4 Silvers"
"2 Silvers";"0";"0.1";"15";"0.42";"48.99";"4";"AELO";"HP6000 Offline";"AELO - 2 Silvers"
"2 Blancs";"0";"0.1";"15";"0.42";"11.71";"4";"AELO";"HP6000 Offline";"AELO - 2 Blancs"
"2 Blancs+1 Silver";"0.33";"0.1";"15";"0.42";"24.14";"6";"AELO";"HP6000 Offline";"AELO - 2 Blancs+1 Silver"
"2 Blancs+2 Silvers";"0.5";"0.1";"15";"0.42";"30.35";"8";"AELO";"HP6000 Offline";"AELO - 2 Blancs+2 Silvers"
"2 Blancs+3 Silvers";"0.6";"0.1";"15";"0.42";"34.08";"10";"AELO";"HP6000 Offline";"AELO - 2 Blancs+3 Silvers"
"2 Blancs+4 Silvers";"0.67";"0.1";"15";"0.42";"36.56";"12";"AELO";"HP6000 Offline";"AELO - 2 Blancs+4 Silvers"
"3 Couleurs";"0.33";"0.1";"15";"0.42";"8.52";"6";"AELO";"HP6000 Offline";"AELO - 3 Couleurs"
"3 Couleurs+1 Silver";"0.5";"0.1";"15";"0.42";"18.63";"8";"AELO";"HP6000 Offline";"AELO - 3 Couleurs+1 Silver"
"3 Couleurs+1 Blanc";"0.5";"0.1";"15";"0.42";"9.31";"8";"AELO";"HP6000 Offline";"AELO - 3 Couleurs+1 Blanc"
"3 Couleurs+1 Blanc+1 Silver";"0.6";"0.1";"15";"0.42";"17.25";"10";"AELO";"HP6000 Offline";"AELO - 3 Couleurs+1 Blanc+1 Silver"
"3 Couleurs+1 Blanc+2 Silvers";"0.67";"0.1";"15";"0.42";"22.54";"12";"AELO";"HP6000 Offline";"AELO - 3 Couleurs+1 Blanc+2 Silvers"
"3 Couleurs+1 Blanc+3 Silvers";"0.71";"0.1";"15";"0.42";"26.32";"14";"AELO";"HP6000 Offline";"AELO - 3 Couleurs+1 Blanc+3 Silvers"
"3 Couleurs+1 Blanc+4 Silvers";"0.75";"0.1";"15";"0.42";"29.15";"16";"AELO";"HP6000 Offline";"AELO - 3 Couleurs+1 Blanc+4 Silvers"
"3 Couleurs+2 Silvers";"0.6";"0.1";"15";"0.42";"24.7";"10";"AELO";"HP6000 Offline";"AELO - 3 Couleurs+2 Silvers"
"3 Couleurs+2 Blancs";"0.6";"0.1";"15";"0.42";"9.79";"10";"AELO";"HP6000 Offline";"AELO - 3 Couleurs+2 Blancs"
"3 Couleurs+2 Blancs+1 Silver";"0.67";"0.1";"15";"0.42";"16.33";"12";"AELO";"HP6000 Offline";"AELO - 3 Couleurs+2 Blancs+1 Silver"
"3 Couleurs+2 Blancs+2 Silvers";"0.71";"0.1";"15";"0.42";"20.99";"14";"AELO";"HP6000 Offline";"AELO - 3 Couleurs+2 Blancs+2 Silvers"
"3 Couleurs+2 Blancs+3 Silvers";"0.75";"0.1";"15";"0.42";"24.49";"16";"AELO";"HP6000 Offline";"AELO - 3 Couleurs+2 Blancs+3 Silvers"
"3 Couleurs+2 Blancs+4 Silvers";"0.78";"0.1";"15";"0.42";"27.21";"18";"AELO";"HP6000 Offline";"AELO - 3 Couleurs+2 Blancs+4 Silvers"
"3 Couleurs+3 Silvers";"0.67";"0.1";"15";"0.42";"28.75";"12";"AELO";"HP6000 Offline";"AELO - 3 Couleurs+3 Silvers"
"3 Couleurs+4 Silvers";"0.71";"0.1";"15";"0.42";"31.64";"14";"AELO";"HP6000 Offline";"AELO - 3 Couleurs+4 Silvers"
"3 Silvers";"0.33";"0.1";"15";"0.42";"48.99";"6";"AELO";"HP6000 Offline";"AELO - 3 Silvers"
"4 Couleurs";"0.5";"0.1";"15";"0.42";"8.52";"8";"AELO";"HP6000 Offline";"AELO - 4 Couleurs"
"4 Couleurs+1 Silver";"0.6";"0.1";"15";"0.42";"16.61";"10";"AELO";"HP6000 Offline";"AELO - 4 Couleurs+1 Silver"
"4 Couleurs+1 Blanc";"0.6";"0.1";"15";"0.42";"9.15";"10";"AELO";"HP6000 Offline";"AELO - 4 Couleurs+1 Blanc"
"4 Couleurs+1 Blanc+1 Silver";"0.67";"0.1";"15";"0.42";"15.79";"12";"AELO";"HP6000 Offline";"AELO - 4 Couleurs+1 Blanc+1 Silver"
"4 Couleurs+1 Blanc+2 Silvers";"0.71";"0.1";"15";"0.42";"20.53";"14";"AELO";"HP6000 Offline";"AELO - 4 Couleurs+1 Blanc+2 Silvers"
"4 Couleurs+1 Blanc+3 Silvers";"0.75";"0.1";"15";"0.42";"24.09";"16";"AELO";"HP6000 Offline";"AELO - 4 Couleurs+1 Blanc+3 Silvers"
"4 Couleurs+1 Blanc+4 Silvers";"0.78";"0.1";"15";"0.42";"26.86";"18";"AELO";"HP6000 Offline";"AELO - 4 Couleurs+1 Blanc+4 Silvers"
"4 Couleurs+2 Silvers";"0.67";"0.1";"15";"0.42";"22.01";"12";"AELO";"HP6000 Offline";"AELO - 4 Couleurs+2 Silvers"
"4 Couleurs+2 Blancs";"0.67";"0.1";"15";"0.42";"9.58";"12";"AELO";"HP6000 Offline";"AELO - 4 Couleurs+2 Blancs"
"4 Couleurs+2 Blancs+1 Silver";"0.71";"0.1";"15";"0.42";"15.21";"14";"AELO";"HP6000 Offline";"AELO - 4 Couleurs+2 Blancs+1 Silver"
"4 Couleurs+2 Blancs+2 Silvers";"0.75";"0.1";"15";"0.42";"19.43";"16";"AELO";"HP6000 Offline";"AELO - 4 Couleurs+2 Blancs+2 Silvers"
"4 Couleurs+2 Blancs+3 Silvers";"0.78";"0.1";"15";"0.42";"22.72";"18";"AELO";"HP6000 Offline";"AELO - 4 Couleurs+2 Blancs+3 Silvers"
"4 Couleurs+2 Blancs+4 Silvers";"0.8";"0.1";"15";"0.42";"25.34";"20";"AELO";"HP6000 Offline";"AELO - 4 Couleurs+2 Blancs+4 Silvers"
"4 Couleurs+3 Silvers";"0.71";"0.1";"15";"0.42";"25.86";"14";"AELO";"HP6000 Offline";"AELO - 4 Couleurs+3 Silvers"
"4 Couleurs+4 Silvers";"0.75";"0.1";"15";"0.42";"28.75";"16";"AELO";"HP6000 Offline";"AELO - 4 Couleurs+4 Silvers"
"4 Silvers";"0.5";"0.1";"15";"0.42";"48.99";"8";"AELO";"HP6000 Offline";"AELO - 4 Silvers"
"5 Couleurs";"0.6";"0.1";"15";"0.42";"8.52";"10";"AELO";"HP6000 Offline";"AELO - 5 Couleurs"
"5 Couleurs+1 Silver";"0.67";"0.1";"15";"0.42";"15.26";"12";"AELO";"HP6000 Offline";"AELO - 5 Couleurs+1 Silver"
"5 Couleurs+1 Blanc";"0.67";"0.1";"15";"0.42";"9.05";"12";"AELO";"HP6000 Offline";"AELO - 5 Couleurs+1 Blanc"
"5 Couleurs+1 Blanc+1 Silver";"0.71";"0.1";"15";"0.42";"14.75";"14";"AELO";"HP6000 Offline";"AELO - 5 Couleurs+1 Blanc+1 Silver"
"5 Couleurs+1 Blanc+2 Silvers";"0.75";"0.1";"15";"0.42";"19.03";"16";"AELO";"HP6000 Offline";"AELO - 5 Couleurs+1 Blanc+2 Silvers"
"5 Couleurs+1 Blanc+3 Silvers";"0.78";"0.1";"15";"0.42";"22.36";"18";"AELO";"HP6000 Offline";"AELO - 5 Couleurs+1 Blanc+3 Silvers"
"5 Couleurs+1 Blanc+4 Silvers";"0.8";"0.1";"15";"0.42";"25.02";"20";"AELO";"HP6000 Offline";"AELO - 5 Couleurs+1 Blanc+4 Silvers"
"5 Couleurs+2 Silvers";"0.71";"0.1";"15";"0.42";"20.08";"14";"AELO";"HP6000 Offline";"AELO - 5 Couleurs+2 Silvers"
"5 Couleurs+2 Blancs";"0.71";"0.1";"15";"0.42";"9.43";"14";"AELO";"HP6000 Offline";"AELO - 5 Couleurs+2 Blancs"
"5 Couleurs+2 Blancs+1 Silver";"0.75";"0.1";"15";"0.42";"14.37";"16";"AELO";"HP6000 Offline";"AELO - 5 Couleurs+2 Blancs+1 Silver"
"5 Couleurs+2 Blancs+2 Silvers";"0.78";"0.1";"15";"0.42";"18.22";"18";"AELO";"HP6000 Offline";"AELO - 5 Couleurs+2 Blancs+2 Silvers"
"5 Couleurs+2 Blancs+3 Silvers";"0.8";"0.1";"15";"0.42";"21.3";"20";"AELO";"HP6000 Offline";"AELO - 5 Couleurs+2 Blancs+3 Silvers"
"5 Couleurs+3 Silvers";"0.75";"0.1";"15";"0.42";"23.69";"16";"AELO";"HP6000 Offline";"AELO - 5 Couleurs+3 Silvers"
"5 Couleurs+4 Silvers";"0.78";"0.1";"15";"0.42";"26.5";"18";"AELO";"HP6000 Offline";"AELO - 5 Couleurs+4 Silvers"
"6 Couleurs";"0.67";"0.1";"15";"0.42";"8.52";"12";"AELO";"HP6000 Offline";"AELO - 6 Couleurs"
"6 Couleurs+1 Silver";"0.71";"0.1";"15";"0.42";"14.3";"14";"AELO";"HP6000 Offline";"AELO - 6 Couleurs+1 Silver"
"6 Couleurs+1 Blanc";"0.71";"0.1";"15";"0.42";"8.97";"14";"AELO";"HP6000 Offline";"AELO - 6 Couleurs+1 Blanc"
"6 Couleurs+1 Blanc+1 Silver";"0.75";"0.1";"15";"0.42";"13.97";"16";"AELO";"HP6000 Offline";"AELO - 6 Couleurs+1 Blanc+1 Silver"
"6 Couleurs+1 Blanc+2 Silvers";"0.78";"0.1";"15";"0.42";"17.86";"18";"AELO";"HP6000 Offline";"AELO - 6 Couleurs+1 Blanc+2 Silvers"
"6 Couleurs+1 Blanc+3 Silvers";"0.8";"0.1";"15";"0.42";"20.98";"20";"AELO";"HP6000 Offline";"AELO - 6 Couleurs+1 Blanc+3 Silvers"
"6 Couleurs+2 Silvers";"0.75";"0.1";"15";"0.42";"18.63";"16";"AELO";"HP6000 Offline";"AELO - 6 Couleurs+2 Silvers"
"6 Couleurs+2 Blancs";"0.75";"0.1";"15";"0.42";"9.31";"16";"AELO";"HP6000 Offline";"AELO - 6 Couleurs+2 Blancs"
"6 Couleurs+2 Blancs+1 Silver";"0.78";"0.1";"15";"0.42";"13.72";"18";"AELO";"HP6000 Offline";"AELO - 6 Couleurs+2 Blancs+1 Silver"
"6 Couleurs+2 Blancs+2 Silvers";"0.8";"0.1";"15";"0.42";"17.25";"20";"AELO";"HP6000 Offline";"AELO - 6 Couleurs+2 Blancs+2 Silvers"
"6 Couleurs+3 Silvers";"0.78";"0.1";"15";"0.42";"22.01";"18";"AELO";"HP6000 Offline";"AELO - 6 Couleurs+3 Silvers"
"6 Couleurs+4 Silvers";"0.8";"0.1";"15";"0.42";"24.7";"20";"AELO";"HP6000 Offline";"AELO - 6 Couleurs+4 Silvers"
"7 Couleurs";"0.71";"0.1";"15";"0.42";"8.52";"14";"AELO";"HP6000 Offline";"AELO - 7 Couleurs"
"7 Couleurs+1 Silver";"0.75";"0.1";"15";"0.42";"13.57";"16";"AELO";"HP6000 Offline";"AELO - 7 Couleurs+1 Silver"
"7 Couleurs+1 Blanc";"0.75";"0.1";"15";"0.42";"8.91";"16";"AELO";"HP6000 Offline";"AELO - 7 Couleurs+1 Blanc"
"7 Couleurs+1 Blanc+1 Silver";"0.78";"0.1";"15";"0.42";"13.37";"18";"AELO";"HP6000 Offline";"AELO - 7 Couleurs+1 Blanc+1 Silver"
"7 Couleurs+1 Blanc+2 Silvers";"0.8";"0.1";"15";"0.42";"16.93";"20";"AELO";"HP6000 Offline";"AELO - 7 Couleurs+1 Blanc+2 Silvers"
"7 Couleurs+2 Silvers";"0.78";"0.1";"15";"0.42";"17.51";"18";"AELO";"HP6000 Offline";"AELO - 7 Couleurs+2 Silvers"
"7 Couleurs+2 Blancs";"0.78";"0.1";"15";"0.42";"9.23";"18";"AELO";"HP6000 Offline";"AELO - 7 Couleurs+2 Blancs"
"7 Couleurs+2 Blancs+1 Silver";"0.8";"0.1";"15";"0.42";"13.2";"20";"AELO";"HP6000 Offline";"AELO - 7 Couleurs+2 Blancs+1 Silver"
"7 Couleurs+3 Silvers";"0.8";"0.1";"15";"0.42";"20.66";"20";"AELO";"HP6000 Offline";"AELO - 7 Couleurs+3 Silvers"
"8 Couleurs";"0.75";"0.1";"15";"0.42";"8.52";"16";"AELO";"HP6000 Offline";"AELO - 8 Couleurs"
"8 Couleurs+1 Silver";"0.78";"0.1";"15";"0.42";"13.01";"18";"AELO";"HP6000 Offline";"AELO - 8 Couleurs+1 Silver"
"8 Couleurs+1 Blanc";"0.78";"0.1";"15";"0.42";"8.87";"18";"AELO";"HP6000 Offline";"AELO - 8 Couleurs+1 Blanc"
"8 Couleurs+1 Blanc+1 Silver";"0.8";"0.1";"15";"0.42";"12.88";"20";"AELO";"HP6000 Offline";"AELO - 8 Couleurs+1 Blanc+1 Silver"
"8 Couleurs+2 Silvers";"0.8";"0.1";"15";"0.42";"16.61";"20";"AELO";"HP6000 Offline";"AELO - 8 Couleurs+2 Silvers"
"8 Couleurs+2 Blancs";"0.8";"0.1";"15";"0.42";"9.15";"20";"AELO";"HP6000 Offline";"AELO - 8 Couleurs+2 Blancs"
"9 Couleurs";"0.78";"0.1";"15";"0.42";"8.52";"18";"AELO";"HP6000 Offline";"AELO - 9 Couleurs"
"9 Couleurs+1 Silver";"0.8";"0.1";"15";"0.42";"12.56";"20";"AELO";"HP6000 Offline";"AELO - 9 Couleurs+1 Silver"
"9 Couleurs+1 Blanc";"0.8";"0.1";"15";"0.42";"8.83";"20";"AELO";"HP6000 Offline";"AELO - 9 Couleurs+1 Blanc"
"9 Couleurs+2 Blancs";"0.82";"0.1";"15";"0.42";"9.1";"22";"AELO";"HP6000 Offline";"AELO - 9 Couleurs+2 Blancs"
"Noir";"0";"0.1";"15";"0.42";"8.52";"2";"AEME";"HP6000 Offline";"AEME - Noir"
"Noir+1 Blanc";"0";"0.1";"15";"0.42";"10.11";"4";"AEME";"HP6000 Offline";"AEME - Noir+1 Blanc"
"Noir+2 Blancs";"0.33";"0.1";"15";"0.42";"10.65";"6";"AEME";"HP6000 Offline";"AEME - Noir+2 Blancs"
"2 Couleurs";"0";"0.1";"15";"0.42";"8.52";"4";"AEME";"HP6000 Offline";"AEME - 2 Couleurs"
"2 Couleurs+1 Blanc";"0.33";"0.1";"15";"0.42";"9.58";"6";"AEME";"HP6000 Offline";"AEME - 2 Couleurs+1 Blanc"
"2 Couleurs+2 Blancs";"0.5";"0.1";"15";"0.42";"10.11";"8";"AEME";"HP6000 Offline";"AEME - 2 Couleurs+2 Blancs"
"2 Blancs";"0";"0.1";"15";"0.42";"11.71";"4";"AEME";"HP6000 Offline";"AEME - 2 Blancs"
"3 Couleurs";"0.33";"0.1";"15";"0.42";"8.52";"6";"AEME";"HP6000 Offline";"AEME - 3 Couleurs"
"3 Couleurs+1 Blanc";"0.5";"0.1";"15";"0.42";"9.31";"8";"AEME";"HP6000 Offline";"AEME - 3 Couleurs+1 Blanc"
"3 Couleurs+2 Blancs";"0.6";"0.1";"15";"0.42";"9.79";"10";"AEME";"HP6000 Offline";"AEME - 3 Couleurs+2 Blancs"
"4 Couleurs";"0.5";"0.1";"15";"0.42";"8.52";"8";"AEME";"HP6000 Offline";"AEME - 4 Couleurs"
"4 Couleurs+1 Blanc";"0.6";"0.1";"15";"0.42";"9.15";"10";"AEME";"HP6000 Offline";"AEME - 4 Couleurs+1 Blanc"
"4 Couleurs+2 Blancs";"0.67";"0.1";"15";"0.42";"9.58";"12";"AEME";"HP6000 Offline";"AEME - 4 Couleurs+2 Blancs"
"5 Couleurs";"0.6";"0.1";"15";"0.42";"8.52";"10";"AEME";"HP6000 Offline";"AEME - 5 Couleurs"
"5 Couleurs+1 Blanc";"0.67";"0.1";"15";"0.42";"9.05";"12";"AEME";"HP6000 Offline";"AEME - 5 Couleurs+1 Blanc"
"5 Couleurs+2 Blancs";"0.71";"0.1";"15";"0.42";"9.43";"14";"AEME";"HP6000 Offline";"AEME - 5 Couleurs+2 Blancs"
"6 Couleurs";"0.67";"0.1";"15";"0.42";"8.52";"12";"AEME";"HP6000 Offline";"AEME - 6 Couleurs"
"6 Couleurs+1 Blanc";"0.71";"0.1";"15";"0.42";"8.97";"14";"AEME";"HP6000 Offline";"AEME - 6 Couleurs+1 Blanc"
"6 Couleurs+2 Blancs";"0.75";"0.1";"15";"0.42";"9.31";"16";"AEME";"HP6000 Offline";"AEME - 6 Couleurs+2 Blancs"
"7 Couleurs";"0.71";"0.1";"15";"0.42";"8.52";"14";"AEME";"HP6000 Offline";"AEME - 7 Couleurs"
"7 Couleurs+1 Blanc";"0.75";"0.1";"15";"0.42";"8.91";"16";"AEME";"HP6000 Offline";"AEME - 7 Couleurs+1 Blanc"
"7 Couleurs+2 Blancs";"0.78";"0.1";"15";"0.42";"9.23";"18";"AEME";"HP6000 Offline";"AEME - 7 Couleurs+2 Blancs"
"8 Couleurs";"0.75";"0.1";"15";"0.42";"8.52";"16";"AEME";"HP6000 Offline";"AEME - 8 Couleurs"
"8 Couleurs+1 Blanc";"0.78";"0.1";"15";"0.42";"8.87";"18";"AEME";"HP6000 Offline";"AEME - 8 Couleurs+1 Blanc"
"8 Couleurs+2 Blancs";"0.8";"0.1";"15";"0.42";"9.15";"20";"AEME";"HP6000 Offline";"AEME - 8 Couleurs+2 Blancs"
"9 Couleurs";"0.78";"0.1";"15";"0.42";"8.52";"18";"AEME";"HP6000 Offline";"AEME - 9 Couleurs"
"9 Couleurs+1 Blanc";"0.8";"0.1";"15";"0.42";"8.83";"20";"AEME";"HP6000 Offline";"AEME - 9 Couleurs+1 Blanc"
"9 Couleurs+2 Blancs";"0.82";"0.1";"15";"0.42";"9.1";"22";"AEME";"HP6000 Offline";"AEME - 9 Couleurs+2 Blancs"
"Noir";"0";"0.1";"15";"0.42";"8.52";"2";"MD CERM";"HP6000 Offline";"MD CERM - Noir"
"Noir+1 Silver";"0";"0.1";"15";"0.42";"28.75";"4";"MD CERM";"HP6000 Offline";"MD CERM - Noir+1 Silver"
"Noir+1 Blanc";"0";"0.1";"15";"0.42";"10.11";"4";"MD CERM";"HP6000 Offline";"MD CERM - Noir+1 Blanc"
"Noir+1 Blanc+1 Silver";"0.33";"0.1";"15";"0.42";"23.07";"6";"MD CERM";"HP6000 Offline";"MD CERM - Noir+1 Blanc+1 Silver"
"Noir+1 Blanc+2 Silvers";"0.5";"0.1";"15";"0.42";"29.55";"8";"MD CERM";"HP6000 Offline";"MD CERM - Noir+1 Blanc+2 Silvers"
"Noir+1 Blanc+3 Silvers";"0.6";"0.1";"15";"0.42";"33.44";"10";"MD CERM";"HP6000 Offline";"MD CERM - Noir+1 Blanc+3 Silvers"
"Noir+1 Blanc+4 Silvers";"0.67";"0.1";"15";"0.42";"36.03";"12";"MD CERM";"HP6000 Offline";"MD CERM - Noir+1 Blanc+4 Silvers"
"Noir+2 Silvers";"0.33";"0.1";"15";"0.42";"35.5";"6";"MD CERM";"HP6000 Offline";"MD CERM - Noir+2 Silvers"
"Noir+2 Blancs";"0.33";"0.1";"15";"0.42";"10.65";"6";"MD CERM";"HP6000 Offline";"MD CERM - Noir+2 Blancs"
"Noir+2 Blancs+1 Silver";"0.5";"0.1";"15";"0.42";"20.23";"8";"MD CERM";"HP6000 Offline";"MD CERM - Noir+2 Blancs+1 Silver"
"Noir+2 Blancs+2 Silvers";"0.6";"0.1";"15";"0.42";"25.98";"10";"MD CERM";"HP6000 Offline";"MD CERM - Noir+2 Blancs+2 Silvers"
"Noir+2 Blancs+3 Silvers";"0.67";"0.1";"15";"0.42";"29.82";"12";"MD CERM";"HP6000 Offline";"MD CERM - Noir+2 Blancs+3 Silvers"
"Noir+2 Blancs+4 Silvers";"0.71";"0.1";"15";"0.42";"32.55";"14";"MD CERM";"HP6000 Offline";"MD CERM - Noir+2 Blancs+4 Silvers"
"Noir+3 Silvers";"0.5";"0.1";"15";"0.42";"38.87";"8";"MD CERM";"HP6000 Offline";"MD CERM - Noir+3 Silvers"
"Noir+4 Silvers";"0.6";"0.1";"15";"0.42";"40.89";"10";"MD CERM";"HP6000 Offline";"MD CERM - Noir+4 Silvers"
"1 Silver";"0";"0.1";"15";"0.42";"48.99";"2";"MD CERM";"HP6000 Offline";"MD CERM - 1 Silver"
"1 Blanc";"0";"0.1";"15";"0.42";"11.71";"2";"MD CERM";"HP6000 Offline";"MD CERM - 1 Blanc"
"1 Blanc+1 Silver";"0";"0.1";"15";"0.42";"30.35";"4";"MD CERM";"HP6000 Offline";"MD CERM - 1 Blanc+1 Silver"
"1 Blanc+2 Silvers";"0.33";"0.1";"15";"0.42";"36.56";"6";"MD CERM";"HP6000 Offline";"MD CERM - 1 Blanc+2 Silvers"
"1 Blanc+3 Silvers";"0.5";"0.1";"15";"0.42";"39.67";"8";"MD CERM";"HP6000 Offline";"MD CERM - 1 Blanc+3 Silvers"
"1 Blanc+4 Silvers";"0.6";"0.1";"15";"0.42";"41.53";"10";"MD CERM";"HP6000 Offline";"MD CERM - 1 Blanc+4 Silvers"
"2 Couleurs";"0";"0.1";"15";"0.42";"8.52";"4";"MD CERM";"HP6000 Offline";"MD CERM - 2 Couleurs"
"2 Couleurs+1 Silver";"0.33";"0.1";"15";"0.42";"22.01";"6";"MD CERM";"HP6000 Offline";"MD CERM - 2 Couleurs+1 Silver"
"2 Couleurs+1 Blanc";"0.33";"0.1";"15";"0.42";"9.58";"6";"MD CERM";"HP6000 Offline";"MD CERM - 2 Couleurs+1 Blanc"
"2 Couleurs+1 Blanc+1 Silver";"0.5";"0.1";"15";"0.42";"19.43";"8";"MD CERM";"HP6000 Offline";"MD CERM - 2 Couleurs+1 Blanc+1 Silver"
"2 Couleurs+1 Blanc+2 Silvers";"0.6";"0.1";"15";"0.42";"25.34";"10";"MD CERM";"HP6000 Offline";"MD CERM - 2 Couleurs+1 Blanc+2 Silvers"
"2 Couleurs+1 Blanc+3 Silvers";"0.67";"0.1";"15";"0.42";"29.28";"12";"MD CERM";"HP6000 Offline";"MD CERM - 2 Couleurs+1 Blanc+3 Silvers"
"2 Couleurs+1 Blanc+4 Silvers";"0.71";"0.1";"15";"0.42";"32.1";"14";"MD CERM";"HP6000 Offline";"MD CERM - 2 Couleurs+1 Blanc+4 Silvers"
"2 Couleurs+2 Silvers";"0.5";"0.1";"15";"0.42";"28.75";"8";"MD CERM";"HP6000 Offline";"MD CERM - 2 Couleurs+2 Silvers"
"2 Couleurs+2 Blancs";"0.5";"0.1";"15";"0.42";"10.11";"8";"MD CERM";"HP6000 Offline";"MD CERM - 2 Couleurs+2 Blancs"
"2 Couleurs+2 Blancs+1 Silver";"0.6";"0.1";"15";"0.42";"17.89";"10";"MD CERM";"HP6000 Offline";"MD CERM - 2 Couleurs+2 Blancs+1 Silver"
"2 Couleurs+2 Blancs+2 Silvers";"0.67";"0.1";"15";"0.42";"23.07";"12";"MD CERM";"HP6000 Offline";"MD CERM - 2 Couleurs+2 Blancs+2 Silvers"
"2 Couleurs+2 Blancs+3 Silvers";"0.71";"0.1";"15";"0.42";"26.77";"14";"MD CERM";"HP6000 Offline";"MD CERM - 2 Couleurs+2 Blancs+3 Silvers"
"2 Couleurs+2 Blancs+4 Silvers";"0.75";"0.1";"15";"0.42";"29.55";"16";"MD CERM";"HP6000 Offline";"MD CERM - 2 Couleurs+2 Blancs+4 Silvers"
"2 Couleurs+3 Silvers";"0.6";"0.1";"15";"0.42";"32.8";"10";"MD CERM";"HP6000 Offline";"MD CERM - 2 Couleurs+3 Silvers"
"2 Couleurs+4 Silvers";"0.67";"0.1";"15";"0.42";"35.5";"12";"MD CERM";"HP6000 Offline";"MD CERM - 2 Couleurs+4 Silvers"
"2 Silvers";"0";"0.1";"15";"0.42";"48.99";"4";"MD CERM";"HP6000 Offline";"MD CERM - 2 Silvers"
"2 Blancs";"0";"0.1";"15";"0.42";"11.71";"4";"MD CERM";"HP6000 Offline";"MD CERM - 2 Blancs"
"2 Blancs+1 Silver";"0.33";"0.1";"15";"0.42";"24.14";"6";"MD CERM";"HP6000 Offline";"MD CERM - 2 Blancs+1 Silver"
"2 Blancs+2 Silvers";"0.5";"0.1";"15";"0.42";"30.35";"8";"MD CERM";"HP6000 Offline";"MD CERM - 2 Blancs+2 Silvers"
"2 Blancs+3 Silvers";"0.6";"0.1";"15";"0.42";"34.08";"10";"MD CERM";"HP6000 Offline";"MD CERM - 2 Blancs+3 Silvers"
"2 Blancs+4 Silvers";"0.67";"0.1";"15";"0.42";"36.56";"12";"MD CERM";"HP6000 Offline";"MD CERM - 2 Blancs+4 Silvers"
"3 Couleurs";"0.33";"0.1";"15";"0.42";"8.52";"6";"MD CERM";"HP6000 Offline";"MD CERM - 3 Couleurs"
"3 Couleurs+1 Silver";"0.5";"0.1";"15";"0.42";"18.63";"8";"MD CERM";"HP6000 Offline";"MD CERM - 3 Couleurs+1 Silver"
"3 Couleurs+1 Blanc";"0.5";"0.1";"15";"0.42";"9.31";"8";"MD CERM";"HP6000 Offline";"MD CERM - 3 Couleurs+1 Blanc"
"3 Couleurs+1 Blanc+1 Silver";"0.6";"0.1";"15";"0.42";"17.25";"10";"MD CERM";"HP6000 Offline";"MD CERM - 3 Couleurs+1 Blanc+1 Silver"
"3 Couleurs+1 Blanc+2 Silvers";"0.67";"0.1";"15";"0.42";"22.54";"12";"MD CERM";"HP6000 Offline";"MD CERM - 3 Couleurs+1 Blanc+2 Silvers"
"3 Couleurs+1 Blanc+3 Silvers";"0.71";"0.1";"15";"0.42";"26.32";"14";"MD CERM";"HP6000 Offline";"MD CERM - 3 Couleurs+1 Blanc+3 Silvers"
"3 Couleurs+1 Blanc+4 Silvers";"0.75";"0.1";"15";"0.42";"29.15";"16";"MD CERM";"HP6000 Offline";"MD CERM - 3 Couleurs+1 Blanc+4 Silvers"
"3 Couleurs+2 Silvers";"0.6";"0.1";"15";"0.42";"24.7";"10";"MD CERM";"HP6000 Offline";"MD CERM - 3 Couleurs+2 Silvers"
"3 Couleurs+2 Blancs";"0.6";"0.1";"15";"0.42";"9.79";"10";"MD CERM";"HP6000 Offline";"MD CERM - 3 Couleurs+2 Blancs"
"3 Couleurs+2 Blancs+1 Silver";"0.67";"0.1";"15";"0.42";"16.33";"12";"MD CERM";"HP6000 Offline";"MD CERM - 3 Couleurs+2 Blancs+1 Silver"
"3 Couleurs+2 Blancs+2 Silvers";"0.71";"0.1";"15";"0.42";"20.99";"14";"MD CERM";"HP6000 Offline";"MD CERM - 3 Couleurs+2 Blancs+2 Silvers"
"3 Couleurs+2 Blancs+3 Silvers";"0.75";"0.1";"15";"0.42";"24.49";"16";"MD CERM";"HP6000 Offline";"MD CERM - 3 Couleurs+2 Blancs+3 Silvers"
"3 Couleurs+2 Blancs+4 Silvers";"0.78";"0.1";"15";"0.42";"27.21";"18";"MD CERM";"HP6000 Offline";"MD CERM - 3 Couleurs+2 Blancs+4 Silvers"
"3 Couleurs+3 Silvers";"0.67";"0.1";"15";"0.42";"28.75";"12";"MD CERM";"HP6000 Offline";"MD CERM - 3 Couleurs+3 Silvers"
"3 Couleurs+4 Silvers";"0.71";"0.1";"15";"0.42";"31.64";"14";"MD CERM";"HP6000 Offline";"MD CERM - 3 Couleurs+4 Silvers"
"3 Silvers";"0.33";"0.1";"15";"0.42";"48.99";"6";"MD CERM";"HP6000 Offline";"MD CERM - 3 Silvers"
"4 Couleurs";"0.5";"0.1";"15";"0.42";"8.52";"8";"MD CERM";"HP6000 Offline";"MD CERM - 4 Couleurs"
"4 Couleurs+1 Silver";"0.6";"0.1";"15";"0.42";"16.61";"10";"MD CERM";"HP6000 Offline";"MD CERM - 4 Couleurs+1 Silver"
"4 Couleurs+1 Blanc";"0.6";"0.1";"15";"0.42";"9.15";"10";"MD CERM";"HP6000 Offline";"MD CERM - 4 Couleurs+1 Blanc"
"4 Couleurs+1 Blanc+1 Silver";"0.67";"0.1";"15";"0.42";"15.79";"12";"MD CERM";"HP6000 Offline";"MD CERM - 4 Couleurs+1 Blanc+1 Silver"
"4 Couleurs+1 Blanc+2 Silvers";"0.71";"0.1";"15";"0.42";"20.53";"14";"MD CERM";"HP6000 Offline";"MD CERM - 4 Couleurs+1 Blanc+2 Silvers"
"4 Couleurs+1 Blanc+3 Silvers";"0.75";"0.1";"15";"0.42";"24.09";"16";"MD CERM";"HP6000 Offline";"MD CERM - 4 Couleurs+1 Blanc+3 Silvers"
"4 Couleurs+1 Blanc+4 Silvers";"0.78";"0.1";"15";"0.42";"26.86";"18";"MD CERM";"HP6000 Offline";"MD CERM - 4 Couleurs+1 Blanc+4 Silvers"
"4 Couleurs+2 Silvers";"0.67";"0.1";"15";"0.42";"22.01";"12";"MD CERM";"HP6000 Offline";"MD CERM - 4 Couleurs+2 Silvers"
"4 Couleurs+2 Blancs";"0.67";"0.1";"15";"0.42";"9.58";"12";"MD CERM";"HP6000 Offline";"MD CERM - 4 Couleurs+2 Blancs"
"4 Couleurs+2 Blancs+1 Silver";"0.71";"0.1";"15";"0.42";"15.21";"14";"MD CERM";"HP6000 Offline";"MD CERM - 4 Couleurs+2 Blancs+1 Silver"
"4 Couleurs+2 Blancs+2 Silvers";"0.75";"0.1";"15";"0.42";"19.43";"16";"MD CERM";"HP6000 Offline";"MD CERM - 4 Couleurs+2 Blancs+2 Silvers"
"4 Couleurs+2 Blancs+3 Silvers";"0.78";"0.1";"15";"0.42";"22.72";"18";"MD CERM";"HP6000 Offline";"MD CERM - 4 Couleurs+2 Blancs+3 Silvers"
"4 Couleurs+2 Blancs+4 Silvers";"0.8";"0.1";"15";"0.42";"25.34";"20";"MD CERM";"HP6000 Offline";"MD CERM - 4 Couleurs+2 Blancs+4 Silvers"
"4 Couleurs+3 Silvers";"0.71";"0.1";"15";"0.42";"25.86";"14";"MD CERM";"HP6000 Offline";"MD CERM - 4 Couleurs+3 Silvers"
"4 Couleurs+4 Silvers";"0.75";"0.1";"15";"0.42";"28.75";"16";"MD CERM";"HP6000 Offline";"MD CERM - 4 Couleurs+4 Silvers"
"4 Silvers";"0.5";"0.1";"15";"0.42";"48.99";"8";"MD CERM";"HP6000 Offline";"MD CERM - 4 Silvers"
"5 Couleurs";"0.6";"0.1";"15";"0.42";"8.52";"10";"MD CERM";"HP6000 Offline";"MD CERM - 5 Couleurs"
"5 Couleurs+1 Silver";"0.67";"0.1";"15";"0.42";"15.26";"12";"MD CERM";"HP6000 Offline";"MD CERM - 5 Couleurs+1 Silver"
"5 Couleurs+1 Blanc";"0.67";"0.1";"15";"0.42";"9.05";"12";"MD CERM";"HP6000 Offline";"MD CERM - 5 Couleurs+1 Blanc"
"5 Couleurs+1 Blanc+1 Silver";"0.71";"0.1";"15";"0.42";"14.75";"14";"MD CERM";"HP6000 Offline";"MD CERM - 5 Couleurs+1 Blanc+1 Silver"
"5 Couleurs+1 Blanc+2 Silvers";"0.75";"0.1";"15";"0.42";"19.03";"16";"MD CERM";"HP6000 Offline";"MD CERM - 5 Couleurs+1 Blanc+2 Silvers"
"5 Couleurs+1 Blanc+3 Silvers";"0.78";"0.1";"15";"0.42";"22.36";"18";"MD CERM";"HP6000 Offline";"MD CERM - 5 Couleurs+1 Blanc+3 Silvers"
"5 Couleurs+1 Blanc+4 Silvers";"0.8";"0.1";"15";"0.42";"25.02";"20";"MD CERM";"HP6000 Offline";"MD CERM - 5 Couleurs+1 Blanc+4 Silvers"
"5 Couleurs+2 Silvers";"0.71";"0.1";"15";"0.42";"20.08";"14";"MD CERM";"HP6000 Offline";"MD CERM - 5 Couleurs+2 Silvers"
"5 Couleurs+2 Blancs";"0.71";"0.1";"15";"0.42";"9.43";"14";"MD CERM";"HP6000 Offline";"MD CERM - 5 Couleurs+2 Blancs"
"5 Couleurs+2 Blancs+1 Silver";"0.75";"0.1";"15";"0.42";"14.37";"16";"MD CERM";"HP6000 Offline";"MD CERM - 5 Couleurs+2 Blancs+1 Silver"
"5 Couleurs+2 Blancs+2 Silvers";"0.78";"0.1";"15";"0.42";"18.22";"18";"MD CERM";"HP6000 Offline";"MD CERM - 5 Couleurs+2 Blancs+2 Silvers"
"5 Couleurs+2 Blancs+3 Silvers";"0.8";"0.1";"15";"0.42";"21.3";"20";"MD CERM";"HP6000 Offline";"MD CERM - 5 Couleurs+2 Blancs+3 Silvers"
"5 Couleurs+3 Silvers";"0.75";"0.1";"15";"0.42";"23.69";"16";"MD CERM";"HP6000 Offline";"MD CERM - 5 Couleurs+3 Silvers"
"5 Couleurs+4 Silvers";"0.78";"0.1";"15";"0.42";"26.5";"18";"MD CERM";"HP6000 Offline";"MD CERM - 5 Couleurs+4 Silvers"
"6 Couleurs";"0.67";"0.1";"15";"0.42";"8.52";"12";"MD CERM";"HP6000 Offline";"MD CERM - 6 Couleurs"
"6 Couleurs+1 Silver";"0.71";"0.1";"15";"0.42";"14.3";"14";"MD CERM";"HP6000 Offline";"MD CERM - 6 Couleurs+1 Silver"
"6 Couleurs+1 Blanc";"0.71";"0.1";"15";"0.42";"8.97";"14";"MD CERM";"HP6000 Offline";"MD CERM - 6 Couleurs+1 Blanc"
"6 Couleurs+1 Blanc+1 Silver";"0.75";"0.1";"15";"0.42";"13.97";"16";"MD CERM";"HP6000 Offline";"MD CERM - 6 Couleurs+1 Blanc+1 Silver"
"6 Couleurs+1 Blanc+2 Silvers";"0.78";"0.1";"15";"0.42";"17.86";"18";"MD CERM";"HP6000 Offline";"MD CERM - 6 Couleurs+1 Blanc+2 Silvers"
"6 Couleurs+1 Blanc+3 Silvers";"0.8";"0.1";"15";"0.42";"20.98";"20";"MD CERM";"HP6000 Offline";"MD CERM - 6 Couleurs+1 Blanc+3 Silvers"
"6 Couleurs+2 Silvers";"0.75";"0.1";"15";"0.42";"18.63";"16";"MD CERM";"HP6000 Offline";"MD CERM - 6 Couleurs+2 Silvers"
"6 Couleurs+2 Blancs";"0.75";"0.1";"15";"0.42";"9.31";"16";"MD CERM";"HP6000 Offline";"MD CERM - 6 Couleurs+2 Blancs"
"6 Couleurs+2 Blancs+1 Silver";"0.78";"0.1";"15";"0.42";"13.72";"18";"MD CERM";"HP6000 Offline";"MD CERM - 6 Couleurs+2 Blancs+1 Silver"
"6 Couleurs+2 Blancs+2 Silvers";"0.8";"0.1";"15";"0.42";"17.25";"20";"MD CERM";"HP6000 Offline";"MD CERM - 6 Couleurs+2 Blancs+2 Silvers"
"6 Couleurs+3 Silvers";"0.78";"0.1";"15";"0.42";"22.01";"18";"MD CERM";"HP6000 Offline";"MD CERM - 6 Couleurs+3 Silvers"
"6 Couleurs+4 Silvers";"0.8";"0.1";"15";"0.42";"24.7";"20";"MD CERM";"HP6000 Offline";"MD CERM - 6 Couleurs+4 Silvers"
"7 Couleurs";"0.71";"0.1";"15";"0.42";"8.52";"14";"MD CERM";"HP6000 Offline";"MD CERM - 7 Couleurs"
"7 Couleurs+1 Silver";"0.75";"0.1";"15";"0.42";"13.57";"16";"MD CERM";"HP6000 Offline";"MD CERM - 7 Couleurs+1 Silver"
"7 Couleurs+1 Blanc";"0.75";"0.1";"15";"0.42";"8.91";"16";"MD CERM";"HP6000 Offline";"MD CERM - 7 Couleurs+1 Blanc"
"7 Couleurs+1 Blanc+1 Silver";"0.78";"0.1";"15";"0.42";"13.37";"18";"MD CERM";"HP6000 Offline";"MD CERM - 7 Couleurs+1 Blanc+1 Silver"
"7 Couleurs+1 Blanc+2 Silvers";"0.8";"0.1";"15";"0.42";"16.93";"20";"MD CERM";"HP6000 Offline";"MD CERM - 7 Couleurs+1 Blanc+2 Silvers"
"7 Couleurs+2 Silvers";"0.78";"0.1";"15";"0.42";"17.51";"18";"MD CERM";"HP6000 Offline";"MD CERM - 7 Couleurs+2 Silvers"
"7 Couleurs+2 Blancs";"0.78";"0.1";"15";"0.42";"9.23";"18";"MD CERM";"HP6000 Offline";"MD CERM - 7 Couleurs+2 Blancs"
"7 Couleurs+2 Blancs+1 Silver";"0.8";"0.1";"15";"0.42";"13.2";"20";"MD CERM";"HP6000 Offline";"MD CERM - 7 Couleurs+2 Blancs+1 Silver"
"7 Couleurs+3 Silvers";"0.8";"0.1";"15";"0.42";"20.66";"20";"MD CERM";"HP6000 Offline";"MD CERM - 7 Couleurs+3 Silvers"
"8 Couleurs";"0.75";"0.1";"15";"0.42";"8.52";"16";"MD CERM";"HP6000 Offline";"MD CERM - 8 Couleurs"
"8 Couleurs+1 Silver";"0.78";"0.1";"15";"0.42";"13.01";"18";"MD CERM";"HP6000 Offline";"MD CERM - 8 Couleurs+1 Silver"
"8 Couleurs+1 Blanc";"0.78";"0.1";"15";"0.42";"8.87";"18";"MD CERM";"HP6000 Offline";"MD CERM - 8 Couleurs+1 Blanc"
"8 Couleurs+1 Blanc+1 Silver";"0.8";"0.1";"15";"0.42";"12.88";"20";"MD CERM";"HP6000 Offline";"MD CERM - 8 Couleurs+1 Blanc+1 Silver"
"8 Couleurs+2 Silvers";"0.8";"0.1";"15";"0.42";"16.61";"20";"MD CERM";"HP6000 Offline";"MD CERM - 8 Couleurs+2 Silvers"
"8 Couleurs+2 Blancs";"0.8";"0.1";"15";"0.42";"9.15";"20";"MD CERM";"HP6000 Offline";"MD CERM - 8 Couleurs+2 Blancs"
"8 Couleurs+4 Blancs";"0.83";"0.1";"15";"0.42";"9.58";"24";"MD CERM";"HP6000 Offline";"MD CERM - 8 Couleurs+4 Blancs"
"8 Couleurs+6 Blancs";"0.86";"0.1";"15";"0.42";"9.88";"28";"MD CERM";"HP6000 Offline";"MD CERM - 8 Couleurs+6 Blancs"
"9 Couleurs";"0.78";"0.1";"15";"0.42";"8.52";"18";"MD CERM";"HP6000 Offline";"MD CERM - 9 Couleurs"
"9 Couleurs+1 Silver";"0.8";"0.1";"15";"0.42";"12.56";"20";"MD CERM";"HP6000 Offline";"MD CERM - 9 Couleurs+1 Silver"
"9 Couleurs+1 Blanc";"0.8";"0.1";"15";"0.42";"8.83";"20";"MD CERM";"HP6000 Offline";"MD CERM - 9 Couleurs+1 Blanc"
"9 Couleurs+2 Blancs";"0.82";"0.1";"15";"0.42";"9.1";"22";"MD CERM";"HP6000 Offline";"MD CERM - 9 Couleurs+2 Blancs"
"Noir";"0";"0.1";"15";"0.42";"8.52";"2";"AELI";"HP6000 Offline";"AELI - Noir"
"Noir+1 Silver";"0";"0.1";"15";"0.42";"28.75";"4";"AELI";"HP6000 Offline";"AELI - Noir+1 Silver"
"Noir+1 Blanc";"0";"0.1";"15";"0.42";"10.11";"4";"AELI";"HP6000 Offline";"AELI - Noir+1 Blanc"
"Noir+1 Blanc+1 Silver";"0.33";"0.1";"15";"0.42";"23.07";"6";"AELI";"HP6000 Offline";"AELI - Noir+1 Blanc+1 Silver"
"Noir+1 Blanc+2 Silvers";"0.5";"0.1";"15";"0.42";"29.55";"8";"AELI";"HP6000 Offline";"AELI - Noir+1 Blanc+2 Silvers"
"Noir+1 Blanc+3 Silvers";"0.6";"0.1";"15";"0.42";"33.44";"10";"AELI";"HP6000 Offline";"AELI - Noir+1 Blanc+3 Silvers"
"Noir+1 Blanc+4 Silvers";"0.67";"0.1";"15";"0.42";"36.03";"12";"AELI";"HP6000 Offline";"AELI - Noir+1 Blanc+4 Silvers"
"Noir+2 Silvers";"0.33";"0.1";"15";"0.42";"35.5";"6";"AELI";"HP6000 Offline";"AELI - Noir+2 Silvers"
"Noir+2 Blancs";"0.33";"0.1";"15";"0.42";"10.65";"6";"AELI";"HP6000 Offline";"AELI - Noir+2 Blancs"
"Noir+2 Blancs+1 Silver";"0.5";"0.1";"15";"0.42";"20.23";"8";"AELI";"HP6000 Offline";"AELI - Noir+2 Blancs+1 Silver"
"Noir+2 Blancs+2 Silvers";"0.6";"0.1";"15";"0.42";"25.98";"10";"AELI";"HP6000 Offline";"AELI - Noir+2 Blancs+2 Silvers"
"Noir+2 Blancs+3 Silvers";"0.67";"0.1";"15";"0.42";"29.82";"12";"AELI";"HP6000 Offline";"AELI - Noir+2 Blancs+3 Silvers"
"Noir+2 Blancs+4 Silvers";"0.71";"0.1";"15";"0.42";"32.55";"14";"AELI";"HP6000 Offline";"AELI - Noir+2 Blancs+4 Silvers"
"Noir+3 Silvers";"0.5";"0.1";"15";"0.42";"38.87";"8";"AELI";"HP6000 Offline";"AELI - Noir+3 Silvers"
"Noir+4 Silvers";"0.6";"0.1";"15";"0.42";"40.89";"10";"AELI";"HP6000 Offline";"AELI - Noir+4 Silvers"
"1 Silver";"0";"0.1";"15";"0.42";"48.99";"2";"AELI";"HP6000 Offline";"AELI - 1 Silver"
"1 Blanc+1 Silver";"0";"0.1";"15";"0.42";"30.35";"4";"AELI";"HP6000 Offline";"AELI - 1 Blanc+1 Silver"
"1 Blanc+2 Silvers";"0.33";"0.1";"15";"0.42";"36.56";"6";"AELI";"HP6000 Offline";"AELI - 1 Blanc+2 Silvers"
"1 Blanc+3 Silvers";"0.5";"0.1";"15";"0.42";"39.67";"8";"AELI";"HP6000 Offline";"AELI - 1 Blanc+3 Silvers"
"1 Blanc+4 Silvers";"0.6";"0.1";"15";"0.42";"41.53";"10";"AELI";"HP6000 Offline";"AELI - 1 Blanc+4 Silvers"
"2 Couleurs";"0";"0.1";"15";"0.42";"8.52";"4";"AELI";"HP6000 Offline";"AELI - 2 Couleurs"
"2 Couleurs+1 Silver";"0.33";"0.1";"15";"0.42";"22.01";"6";"AELI";"HP6000 Offline";"AELI - 2 Couleurs+1 Silver"
"2 Couleurs+1 Blanc";"0.33";"0.1";"15";"0.42";"9.58";"6";"AELI";"HP6000 Offline";"AELI - 2 Couleurs+1 Blanc"
"2 Couleurs+1 Blanc+1 Silver";"0.5";"0.1";"15";"0.42";"19.43";"8";"AELI";"HP6000 Offline";"AELI - 2 Couleurs+1 Blanc+1 Silver"
"2 Couleurs+1 Blanc+2 Silvers";"0.6";"0.1";"15";"0.42";"25.34";"10";"AELI";"HP6000 Offline";"AELI - 2 Couleurs+1 Blanc+2 Silvers"
"2 Couleurs+1 Blanc+3 Silvers";"0.67";"0.1";"15";"0.42";"29.28";"12";"AELI";"HP6000 Offline";"AELI - 2 Couleurs+1 Blanc+3 Silvers"
"2 Couleurs+1 Blanc+4 Silvers";"0.71";"0.1";"15";"0.42";"32.1";"14";"AELI";"HP6000 Offline";"AELI - 2 Couleurs+1 Blanc+4 Silvers"
"2 Couleurs+2 Silvers";"0.5";"0.1";"15";"0.42";"28.75";"8";"AELI";"HP6000 Offline";"AELI - 2 Couleurs+2 Silvers"
"2 Couleurs+2 Blancs";"0.5";"0.1";"15";"0.42";"10.11";"8";"AELI";"HP6000 Offline";"AELI - 2 Couleurs+2 Blancs"
"2 Couleurs+2 Blancs+1 Silver";"0.6";"0.1";"15";"0.42";"17.89";"10";"AELI";"HP6000 Offline";"AELI - 2 Couleurs+2 Blancs+1 Silver"
"2 Couleurs+2 Blancs+2 Silvers";"0.67";"0.1";"15";"0.42";"23.07";"12";"AELI";"HP6000 Offline";"AELI - 2 Couleurs+2 Blancs+2 Silvers"
"2 Couleurs+2 Blancs+3 Silvers";"0.71";"0.1";"15";"0.42";"26.77";"14";"AELI";"HP6000 Offline";"AELI - 2 Couleurs+2 Blancs+3 Silvers"
"2 Couleurs+2 Blancs+4 Silvers";"0.75";"0.1";"15";"0.42";"29.55";"16";"AELI";"HP6000 Offline";"AELI - 2 Couleurs+2 Blancs+4 Silvers"
"2 Couleurs+3 Silvers";"0.6";"0.1";"15";"0.42";"32.8";"10";"AELI";"HP6000 Offline";"AELI - 2 Couleurs+3 Silvers"
"2 Couleurs+4 Silvers";"0.67";"0.1";"15";"0.42";"35.5";"12";"AELI";"HP6000 Offline";"AELI - 2 Couleurs+4 Silvers"
"2 Silvers";"0";"0.1";"15";"0.42";"48.99";"4";"AELI";"HP6000 Offline";"AELI - 2 Silvers"
"2 Blancs";"0";"0.1";"15";"0.42";"11.71";"4";"AELI";"HP6000 Offline";"AELI - 2 Blancs"
"2 Blancs+1 Silver";"0.33";"0.1";"15";"0.42";"24.14";"6";"AELI";"HP6000 Offline";"AELI - 2 Blancs+1 Silver"
"2 Blancs+2 Silvers";"0.5";"0.1";"15";"0.42";"30.35";"8";"AELI";"HP6000 Offline";"AELI - 2 Blancs+2 Silvers"
"2 Blancs+3 Silvers";"0.6";"0.1";"15";"0.42";"34.08";"10";"AELI";"HP6000 Offline";"AELI - 2 Blancs+3 Silvers"
"2 Blancs+4 Silvers";"0.67";"0.1";"15";"0.42";"36.56";"12";"AELI";"HP6000 Offline";"AELI - 2 Blancs+4 Silvers"
"3 Couleurs+1 Silver";"0.5";"0.1";"15";"0.42";"18.63";"8";"AELI";"HP6000 Offline";"AELI - 3 Couleurs+1 Silver"
"3 Couleurs";"0.33";"0.1";"15";"0.42";"8.52";"6";"AELI";"HP6000 Offline";"AELI - 3 Couleurs"
"3 Couleurs+1 Blanc";"0.5";"0.1";"15";"0.42";"9.31";"8";"AELI";"HP6000 Offline";"AELI - 3 Couleurs+1 Blanc"
"3 Couleurs+1 Blanc+1 Silver";"0.6";"0.1";"15";"0.42";"17.25";"10";"AELI";"HP6000 Offline";"AELI - 3 Couleurs+1 Blanc+1 Silver"
"3 Couleurs+1 Blanc+2 Silvers";"0.67";"0.1";"15";"0.42";"22.54";"12";"AELI";"HP6000 Offline";"AELI - 3 Couleurs+1 Blanc+2 Silvers"
"3 Couleurs+1 Blanc+3 Silvers";"0.71";"0.1";"15";"0.42";"26.32";"14";"AELI";"HP6000 Offline";"AELI - 3 Couleurs+1 Blanc+3 Silvers"
"3 Couleurs+1 Blanc+4 Silvers";"0.75";"0.1";"15";"0.42";"29.15";"16";"AELI";"HP6000 Offline";"AELI - 3 Couleurs+1 Blanc+4 Silvers"
"3 Couleurs+2 Silvers";"0.6";"0.1";"15";"0.42";"24.7";"10";"AELI";"HP6000 Offline";"AELI - 3 Couleurs+2 Silvers"
"3 Couleurs+2 Blancs";"0.6";"0.1";"15";"0.42";"9.79";"10";"AELI";"HP6000 Offline";"AELI - 3 Couleurs+2 Blancs"
"3 Couleurs+2 Blancs+1 Silver";"0.67";"0.1";"15";"0.42";"16.33";"12";"AELI";"HP6000 Offline";"AELI - 3 Couleurs+2 Blancs+1 Silver"
"3 Couleurs+2 Blancs+2 Silvers";"0.71";"0.1";"15";"0.42";"20.99";"14";"AELI";"HP6000 Offline";"AELI - 3 Couleurs+2 Blancs+2 Silvers"
"3 Couleurs+2 Blancs+3 Silvers";"0.75";"0.1";"15";"0.42";"24.49";"16";"AELI";"HP6000 Offline";"AELI - 3 Couleurs+2 Blancs+3 Silvers"
"3 Couleurs+2 Blancs+4 Silvers";"0.78";"0.1";"15";"0.42";"27.21";"18";"AELI";"HP6000 Offline";"AELI - 3 Couleurs+2 Blancs+4 Silvers"
"3 Couleurs+3 Silvers";"0.67";"0.1";"15";"0.42";"28.75";"12";"AELI";"HP6000 Offline";"AELI - 3 Couleurs+3 Silvers"
"3 Couleurs+4 Silvers";"0.71";"0.1";"15";"0.42";"31.64";"14";"AELI";"HP6000 Offline";"AELI - 3 Couleurs+4 Silvers"
"3 Silvers";"0.33";"0.1";"15";"0.42";"48.99";"6";"AELI";"HP6000 Offline";"AELI - 3 Silvers"
"4 Couleurs+1 Silver";"0.6";"0.1";"15";"0.42";"16.61";"10";"AELI";"HP6000 Offline";"AELI - 4 Couleurs+1 Silver"
"4 Couleurs";"0.5";"0.1";"15";"0.42";"8.52";"8";"AELI";"HP6000 Offline";"AELI - 4 Couleurs"
"4 Couleurs+1 Blanc";"0.6";"0.1";"15";"0.42";"9.15";"10";"AELI";"HP6000 Offline";"AELI - 4 Couleurs+1 Blanc"
"4 Couleurs+1 Blanc+1 Silver";"0.67";"0.1";"15";"0.42";"15.79";"12";"AELI";"HP6000 Offline";"AELI - 4 Couleurs+1 Blanc+1 Silver"
"4 Couleurs+1 Blanc+2 Silvers";"0.71";"0.1";"15";"0.42";"20.53";"14";"AELI";"HP6000 Offline";"AELI - 4 Couleurs+1 Blanc+2 Silvers"
"4 Couleurs+1 Blanc+3 Silvers";"0.75";"0.1";"15";"0.42";"24.09";"16";"AELI";"HP6000 Offline";"AELI - 4 Couleurs+1 Blanc+3 Silvers"
"4 Couleurs+1 Blanc+4 Silvers";"0.78";"0.1";"15";"0.42";"26.86";"18";"AELI";"HP6000 Offline";"AELI - 4 Couleurs+1 Blanc+4 Silvers"
"4 Couleurs+2 Silvers";"0.67";"0.1";"15";"0.42";"22.01";"12";"AELI";"HP6000 Offline";"AELI - 4 Couleurs+2 Silvers"
"4 Couleurs+2 Blancs";"0.67";"0.1";"15";"0.42";"9.58";"12";"AELI";"HP6000 Offline";"AELI - 4 Couleurs+2 Blancs"
"4 Couleurs+2 Blancs+1 Silver";"0.71";"0.1";"15";"0.42";"15.21";"14";"AELI";"HP6000 Offline";"AELI - 4 Couleurs+2 Blancs+1 Silver"
"4 Couleurs+2 Blancs+2 Silvers";"0.75";"0.1";"15";"0.42";"19.43";"16";"AELI";"HP6000 Offline";"AELI - 4 Couleurs+2 Blancs+2 Silvers"
"4 Couleurs+2 Blancs+3 Silvers";"0.78";"0.1";"15";"0.42";"22.72";"18";"AELI";"HP6000 Offline";"AELI - 4 Couleurs+2 Blancs+3 Silvers"
"4 Couleurs+2 Blancs+4 Silvers";"0.8";"0.1";"15";"0.42";"25.34";"20";"AELI";"HP6000 Offline";"AELI - 4 Couleurs+2 Blancs+4 Silvers"
"4 Couleurs+3 Silvers";"0.71";"0.1";"15";"0.42";"25.86";"14";"AELI";"HP6000 Offline";"AELI - 4 Couleurs+3 Silvers"
"4 Couleurs+4 Silvers";"0.75";"0.1";"15";"0.42";"28.75";"16";"AELI";"HP6000 Offline";"AELI - 4 Couleurs+4 Silvers"
"4 Silvers";"0.5";"0.1";"15";"0.42";"48.99";"8";"AELI";"HP6000 Offline";"AELI - 4 Silvers"
"5 Couleurs+1 Silver";"0.67";"0.1";"15";"0.42";"15.26";"12";"AELI";"HP6000 Offline";"AELI - 5 Couleurs+1 Silver"
"5 Couleurs";"0.6";"0.1";"15";"0.42";"8.52";"10";"AELI";"HP6000 Offline";"AELI - 5 Couleurs"
"5 Couleurs+1 Blanc";"0.67";"0.1";"15";"0.42";"9.05";"12";"AELI";"HP6000 Offline";"AELI - 5 Couleurs+1 Blanc"
"5 Couleurs+1 Blanc+1 Silver";"0.71";"0.1";"15";"0.42";"14.75";"14";"AELI";"HP6000 Offline";"AELI - 5 Couleurs+1 Blanc+1 Silver"
"5 Couleurs+1 Blanc+2 Silvers";"0.75";"0.1";"15";"0.42";"19.03";"16";"AELI";"HP6000 Offline";"AELI - 5 Couleurs+1 Blanc+2 Silvers"
"5 Couleurs+1 Blanc+3 Silvers";"0.78";"0.1";"15";"0.42";"22.36";"18";"AELI";"HP6000 Offline";"AELI - 5 Couleurs+1 Blanc+3 Silvers"
"5 Couleurs+1 Blanc+4 Silvers";"0.8";"0.1";"15";"0.42";"25.02";"20";"AELI";"HP6000 Offline";"AELI - 5 Couleurs+1 Blanc+4 Silvers"
"5 Couleurs+2 Silvers";"0.71";"0.1";"15";"0.42";"20.08";"14";"AELI";"HP6000 Offline";"AELI - 5 Couleurs+2 Silvers"
"5 Couleurs+2 Blancs";"0.71";"0.1";"15";"0.42";"9.43";"14";"AELI";"HP6000 Offline";"AELI - 5 Couleurs+2 Blancs"
"5 Couleurs+2 Blancs+1 Silver";"0.75";"0.1";"15";"0.42";"14.37";"16";"AELI";"HP6000 Offline";"AELI - 5 Couleurs+2 Blancs+1 Silver"
"5 Couleurs+2 Blancs+2 Silvers";"0.78";"0.1";"15";"0.42";"18.22";"18";"AELI";"HP6000 Offline";"AELI - 5 Couleurs+2 Blancs+2 Silvers"
"5 Couleurs+2 Blancs+3 Silvers";"0.8";"0.1";"15";"0.42";"21.3";"20";"AELI";"HP6000 Offline";"AELI - 5 Couleurs+2 Blancs+3 Silvers"
"5 Couleurs+3 Silvers";"0.75";"0.1";"15";"0.42";"23.69";"16";"AELI";"HP6000 Offline";"AELI - 5 Couleurs+3 Silvers"
"5 Couleurs+4 Silvers";"0.78";"0.1";"15";"0.42";"26.5";"18";"AELI";"HP6000 Offline";"AELI - 5 Couleurs+4 Silvers"
"6 Couleurs+1 Silver";"0.71";"0.1";"15";"0.42";"14.3";"14";"AELI";"HP6000 Offline";"AELI - 6 Couleurs+1 Silver"
"6 Couleurs";"0.67";"0.1";"15";"0.42";"8.52";"12";"AELI";"HP6000 Offline";"AELI - 6 Couleurs"
"6 Couleurs+1 Blanc";"0.71";"0.1";"15";"0.42";"8.97";"14";"AELI";"HP6000 Offline";"AELI - 6 Couleurs+1 Blanc"
"6 Couleurs+1 Blanc+1 Silver";"0.75";"0.1";"15";"0.42";"13.97";"16";"AELI";"HP6000 Offline";"AELI - 6 Couleurs+1 Blanc+1 Silver"
"6 Couleurs+1 Blanc+2 Silvers";"0.78";"0.1";"15";"0.42";"17.86";"18";"AELI";"HP6000 Offline";"AELI - 6 Couleurs+1 Blanc+2 Silvers"
"6 Couleurs+1 Blanc+3 Silvers";"0.8";"0.1";"15";"0.42";"20.98";"20";"AELI";"HP6000 Offline";"AELI - 6 Couleurs+1 Blanc+3 Silvers"
"6 Couleurs+2 Silvers";"0.75";"0.1";"15";"0.42";"18.63";"16";"AELI";"HP6000 Offline";"AELI - 6 Couleurs+2 Silvers"
"6 Couleurs+2 Blancs";"0.75";"0.1";"15";"0.42";"9.31";"16";"AELI";"HP6000 Offline";"AELI - 6 Couleurs+2 Blancs"
"6 Couleurs+2 Blancs+1 Silver";"0.78";"0.1";"15";"0.42";"13.72";"18";"AELI";"HP6000 Offline";"AELI - 6 Couleurs+2 Blancs+1 Silver"
"6 Couleurs+2 Blancs+2 Silvers";"0.8";"0.1";"15";"0.42";"17.25";"20";"AELI";"HP6000 Offline";"AELI - 6 Couleurs+2 Blancs+2 Silvers"
"6 Couleurs+3 Silvers";"0.78";"0.1";"15";"0.42";"22.01";"18";"AELI";"HP6000 Offline";"AELI - 6 Couleurs+3 Silvers"
"6 Couleurs+4 Silvers";"0.8";"0.1";"15";"0.42";"24.7";"20";"AELI";"HP6000 Offline";"AELI - 6 Couleurs+4 Silvers"
"7 Couleurs+1 Silver";"0.75";"0.1";"15";"0.42";"13.57";"16";"AELI";"HP6000 Offline";"AELI - 7 Couleurs+1 Silver"
"7 Couleurs";"0.71";"0.1";"15";"0.42";"8.52";"14";"AELI";"HP6000 Offline";"AELI - 7 Couleurs"
"7 Couleurs+1 Blanc";"0.75";"0.1";"15";"0.42";"8.91";"16";"AELI";"HP6000 Offline";"AELI - 7 Couleurs+1 Blanc"
"7 Couleurs+1 Blanc+1 Silver";"0.78";"0.1";"15";"0.42";"13.37";"18";"AELI";"HP6000 Offline";"AELI - 7 Couleurs+1 Blanc+1 Silver"
"7 Couleurs+1 Blanc+2 Silvers";"0.8";"0.1";"15";"0.42";"16.93";"20";"AELI";"HP6000 Offline";"AELI - 7 Couleurs+1 Blanc+2 Silvers"
"7 Couleurs+2 Silvers";"0.78";"0.1";"15";"0.42";"17.51";"18";"AELI";"HP6000 Offline";"AELI - 7 Couleurs+2 Silvers"
"7 Couleurs+2 Blancs";"0.78";"0.1";"15";"0.42";"9.23";"18";"AELI";"HP6000 Offline";"AELI - 7 Couleurs+2 Blancs"
"7 Couleurs+2 Blancs+1 Silver";"0.8";"0.1";"15";"0.42";"13.2";"20";"AELI";"HP6000 Offline";"AELI - 7 Couleurs+2 Blancs+1 Silver"
"7 Couleurs+3 Silvers";"0.8";"0.1";"15";"0.42";"20.66";"20";"AELI";"HP6000 Offline";"AELI - 7 Couleurs+3 Silvers"
"8 Couleurs+1 Silver";"0.78";"0.1";"15";"0.42";"13.01";"18";"AELI";"HP6000 Offline";"AELI - 8 Couleurs+1 Silver"
"8 Couleurs";"0.75";"0.1";"15";"0.42";"8.52";"16";"AELI";"HP6000 Offline";"AELI - 8 Couleurs"
"8 Couleurs+1 Blanc";"0.78";"0.1";"15";"0.42";"8.87";"18";"AELI";"HP6000 Offline";"AELI - 8 Couleurs+1 Blanc"
"8 Couleurs+1 Blanc+1 Silver";"0.8";"0.1";"15";"0.42";"12.88";"20";"AELI";"HP6000 Offline";"AELI - 8 Couleurs+1 Blanc+1 Silver"
"8 Couleurs+2 Silvers";"0.8";"0.1";"15";"0.42";"16.61";"20";"AELI";"HP6000 Offline";"AELI - 8 Couleurs+2 Silvers"
"8 Couleurs+2 Blancs";"0.8";"0.1";"15";"0.42";"9.15";"20";"AELI";"HP6000 Offline";"AELI - 8 Couleurs+2 Blancs"
"9 Couleurs";"0.78";"0.1";"15";"0.42";"8.52";"18";"AELI";"HP6000 Offline";"AELI - 9 Couleurs"
"9 Couleurs+2 Blancs";"0.82";"0.1";"15";"0.42";"9.1";"22";"AELI";"HP6000 Offline";"AELI - 9 Couleurs+2 Blancs"
"9 Couleurs+1 Blanc";"0.8";"0.1";"15";"0.42";"8.83";"20";"AELI";"HP6000 Offline";"AELI - 9 Couleurs+1 Blanc"
"Noir";"0";"0.1";"15";"0.42";"8.52";"2";"AESU";"HP6000 Offline";"AESU - Noir"
"Noir+1 Silver";"0";"0.1";"15";"0.42";"28.75";"4";"AESU";"HP6000 Offline";"AESU - Noir+1 Silver"
"Noir+1 Blanc";"0";"0.1";"15";"0.42";"10.11";"4";"AESU";"HP6000 Offline";"AESU - Noir+1 Blanc"
"Noir+1 Blanc+1 Silver";"0.33";"0.1";"15";"0.42";"23.07";"6";"AESU";"HP6000 Offline";"AESU - Noir+1 Blanc+1 Silver"
"Noir+1 Blanc+2 Silvers";"0.5";"0.1";"15";"0.42";"29.55";"8";"AESU";"HP6000 Offline";"AESU - Noir+1 Blanc+2 Silvers"
"Noir+1 Blanc+3 Silvers";"0.6";"0.1";"15";"0.42";"33.44";"10";"AESU";"HP6000 Offline";"AESU - Noir+1 Blanc+3 Silvers"
"Noir+1 Blanc+4 Silvers";"0.67";"0.1";"15";"0.42";"36.03";"12";"AESU";"HP6000 Offline";"AESU - Noir+1 Blanc+4 Silvers"
"Noir+2 Silvers";"0.33";"0.1";"15";"0.42";"35.5";"6";"AESU";"HP6000 Offline";"AESU - Noir+2 Silvers"
"Noir+2 Blancs";"0.33";"0.1";"15";"0.42";"10.65";"6";"AESU";"HP6000 Offline";"AESU - Noir+2 Blancs"
"Noir+2 Blancs+1 Silver";"0.5";"0.1";"15";"0.42";"20.23";"8";"AESU";"HP6000 Offline";"AESU - Noir+2 Blancs+1 Silver"
"Noir+2 Blancs+2 Silvers";"0.6";"0.1";"15";"0.42";"25.98";"10";"AESU";"HP6000 Offline";"AESU - Noir+2 Blancs+2 Silvers"
"Noir+2 Blancs+3 Silvers";"0.67";"0.1";"15";"0.42";"29.82";"12";"AESU";"HP6000 Offline";"AESU - Noir+2 Blancs+3 Silvers"
"Noir+2 Blancs+4 Silvers";"0.71";"0.1";"15";"0.42";"32.55";"14";"AESU";"HP6000 Offline";"AESU - Noir+2 Blancs+4 Silvers"
"Noir+3 Silvers";"0.5";"0.1";"15";"0.42";"38.87";"8";"AESU";"HP6000 Offline";"AESU - Noir+3 Silvers"
"Noir+4 Silvers";"0.6";"0.1";"15";"0.42";"40.89";"10";"AESU";"HP6000 Offline";"AESU - Noir+4 Silvers"
"1 Silver";"0";"0.1";"15";"0.42";"48.99";"2";"AESU";"HP6000 Offline";"AESU - 1 Silver"
"1 Blanc+1 Silver";"0";"0.1";"15";"0.42";"30.35";"4";"AESU";"HP6000 Offline";"AESU - 1 Blanc+1 Silver"
"1 Blanc+2 Silvers";"0.33";"0.1";"15";"0.42";"36.56";"6";"AESU";"HP6000 Offline";"AESU - 1 Blanc+2 Silvers"
"1 Blanc+3 Silvers";"0.5";"0.1";"15";"0.42";"39.67";"8";"AESU";"HP6000 Offline";"AESU - 1 Blanc+3 Silvers"
"1 Blanc+4 Silvers";"0.6";"0.1";"15";"0.42";"41.53";"10";"AESU";"HP6000 Offline";"AESU - 1 Blanc+4 Silvers"
"2 Couleurs";"0";"0.1";"15";"0.42";"8.52";"4";"AESU";"HP6000 Offline";"AESU - 2 Couleurs"
"2 Couleurs+1 Silver";"0.33";"0.1";"15";"0.42";"22.01";"6";"AESU";"HP6000 Offline";"AESU - 2 Couleurs+1 Silver"
"2 Couleurs+1 Blanc";"0.33";"0.1";"15";"0.42";"9.58";"6";"AESU";"HP6000 Offline";"AESU - 2 Couleurs+1 Blanc"
"2 Couleurs+1 Blanc+1 Silver";"0.5";"0.1";"15";"0.42";"19.43";"8";"AESU";"HP6000 Offline";"AESU - 2 Couleurs+1 Blanc+1 Silver"
"2 Couleurs+1 Blanc+2 Silvers";"0.6";"0.1";"15";"0.42";"25.34";"10";"AESU";"HP6000 Offline";"AESU - 2 Couleurs+1 Blanc+2 Silvers"
"2 Couleurs+1 Blanc+3 Silvers";"0.67";"0.1";"15";"0.42";"29.28";"12";"AESU";"HP6000 Offline";"AESU - 2 Couleurs+1 Blanc+3 Silvers"
"2 Couleurs+1 Blanc+4 Silvers";"0.71";"0.1";"15";"0.42";"32.1";"14";"AESU";"HP6000 Offline";"AESU - 2 Couleurs+1 Blanc+4 Silvers"
"2 Couleurs+2 Silvers";"0.5";"0.1";"15";"0.42";"28.75";"8";"AESU";"HP6000 Offline";"AESU - 2 Couleurs+2 Silvers"
"2 Couleurs+2 Blancs";"0.5";"0.1";"15";"0.42";"10.11";"8";"AESU";"HP6000 Offline";"AESU - 2 Couleurs+2 Blancs"
"2 Couleurs+2 Blancs+1 Silver";"0.6";"0.1";"15";"0.42";"17.89";"10";"AESU";"HP6000 Offline";"AESU - 2 Couleurs+2 Blancs+1 Silver"
"2 Couleurs+2 Blancs+2 Silvers";"0.67";"0.1";"15";"0.42";"23.07";"12";"AESU";"HP6000 Offline";"AESU - 2 Couleurs+2 Blancs+2 Silvers"
"2 Couleurs+2 Blancs+3 Silvers";"0.71";"0.1";"15";"0.42";"26.77";"14";"AESU";"HP6000 Offline";"AESU - 2 Couleurs+2 Blancs+3 Silvers"
"2 Couleurs+2 Blancs+4 Silvers";"0.75";"0.1";"15";"0.42";"29.55";"16";"AESU";"HP6000 Offline";"AESU - 2 Couleurs+2 Blancs+4 Silvers"
"2 Couleurs+3 Silvers";"0.6";"0.1";"15";"0.42";"32.8";"10";"AESU";"HP6000 Offline";"AESU - 2 Couleurs+3 Silvers"
"2 Couleurs+4 Silvers";"0.67";"0.1";"15";"0.42";"35.5";"12";"AESU";"HP6000 Offline";"AESU - 2 Couleurs+4 Silvers"
"2 Silvers";"0";"0.1";"15";"0.42";"48.99";"4";"AESU";"HP6000 Offline";"AESU - 2 Silvers"
"2 Blancs";"0";"0.1";"15";"0.42";"11.71";"4";"AESU";"HP6000 Offline";"AESU - 2 Blancs"
"2 Blancs+1 Silver";"0.33";"0.1";"15";"0.42";"24.14";"6";"AESU";"HP6000 Offline";"AESU - 2 Blancs+1 Silver"
"2 Blancs+2 Silvers";"0.5";"0.1";"15";"0.42";"30.35";"8";"AESU";"HP6000 Offline";"AESU - 2 Blancs+2 Silvers"
"2 Blancs+3 Silvers";"0.6";"0.1";"15";"0.42";"34.08";"10";"AESU";"HP6000 Offline";"AESU - 2 Blancs+3 Silvers"
"2 Blancs+4 Silvers";"0.67";"0.1";"15";"0.42";"36.56";"12";"AESU";"HP6000 Offline";"AESU - 2 Blancs+4 Silvers"
"3 Couleurs+1 Silver";"0.5";"0.1";"15";"0.42";"18.63";"8";"AESU";"HP6000 Offline";"AESU - 3 Couleurs+1 Silver"
"3 Couleurs";"0.33";"0.1";"15";"0.42";"8.52";"6";"AESU";"HP6000 Offline";"AESU - 3 Couleurs"
"3 Couleurs+1 Blanc";"0.5";"0.1";"15";"0.42";"9.31";"8";"AESU";"HP6000 Offline";"AESU - 3 Couleurs+1 Blanc"
"3 Couleurs+1 Blanc+1 Silver";"0.6";"0.1";"15";"0.42";"17.25";"10";"AESU";"HP6000 Offline";"AESU - 3 Couleurs+1 Blanc+1 Silver"
"3 Couleurs+1 Blanc+2 Silvers";"0.67";"0.1";"15";"0.42";"22.54";"12";"AESU";"HP6000 Offline";"AESU - 3 Couleurs+1 Blanc+2 Silvers"
"3 Couleurs+1 Blanc+3 Silvers";"0.71";"0.1";"15";"0.42";"26.32";"14";"AESU";"HP6000 Offline";"AESU - 3 Couleurs+1 Blanc+3 Silvers"
"3 Couleurs+1 Blanc+4 Silvers";"0.75";"0.1";"15";"0.42";"29.15";"16";"AESU";"HP6000 Offline";"AESU - 3 Couleurs+1 Blanc+4 Silvers"
"3 Couleurs+2 Silvers";"0.6";"0.1";"15";"0.42";"24.7";"10";"AESU";"HP6000 Offline";"AESU - 3 Couleurs+2 Silvers"
"3 Couleurs+2 Blancs";"0.6";"0.1";"15";"0.42";"9.79";"10";"AESU";"HP6000 Offline";"AESU - 3 Couleurs+2 Blancs"
"3 Couleurs+2 Blancs+1 Silver";"0.67";"0.1";"15";"0.42";"16.33";"12";"AESU";"HP6000 Offline";"AESU - 3 Couleurs+2 Blancs+1 Silver"
"3 Couleurs+2 Blancs+2 Silvers";"0.71";"0.1";"15";"0.42";"20.99";"14";"AESU";"HP6000 Offline";"AESU - 3 Couleurs+2 Blancs+2 Silvers"
"3 Couleurs+2 Blancs+3 Silvers";"0.75";"0.1";"15";"0.42";"24.49";"16";"AESU";"HP6000 Offline";"AESU - 3 Couleurs+2 Blancs+3 Silvers"
"3 Couleurs+2 Blancs+4 Silvers";"0.78";"0.1";"15";"0.42";"27.21";"18";"AESU";"HP6000 Offline";"AESU - 3 Couleurs+2 Blancs+4 Silvers"
"3 Couleurs+3 Silvers";"0.67";"0.1";"15";"0.42";"28.75";"12";"AESU";"HP6000 Offline";"AESU - 3 Couleurs+3 Silvers"
"3 Couleurs+4 Silvers";"0.71";"0.1";"15";"0.42";"31.64";"14";"AESU";"HP6000 Offline";"AESU - 3 Couleurs+4 Silvers"
"3 Silvers";"0.33";"0.1";"15";"0.42";"48.99";"6";"AESU";"HP6000 Offline";"AESU - 3 Silvers"
"4 Couleurs+1 Silver";"0.6";"0.1";"15";"0.42";"16.61";"10";"AESU";"HP6000 Offline";"AESU - 4 Couleurs+1 Silver"
"4 Couleurs";"0.5";"0.1";"15";"0.42";"8.52";"8";"AESU";"HP6000 Offline";"AESU - 4 Couleurs"
"4 Couleurs+1 Blanc";"0.6";"0.1";"15";"0.42";"9.15";"10";"AESU";"HP6000 Offline";"AESU - 4 Couleurs+1 Blanc"
"4 Couleurs+1 Blanc+1 Silver";"0.67";"0.1";"15";"0.42";"15.79";"12";"AESU";"HP6000 Offline";"AESU - 4 Couleurs+1 Blanc+1 Silver"
"4 Couleurs+1 Blanc+2 Silvers";"0.71";"0.1";"15";"0.42";"20.53";"14";"AESU";"HP6000 Offline";"AESU - 4 Couleurs+1 Blanc+2 Silvers"
"4 Couleurs+1 Blanc+3 Silvers";"0.75";"0.1";"15";"0.42";"24.09";"16";"AESU";"HP6000 Offline";"AESU - 4 Couleurs+1 Blanc+3 Silvers"
"4 Couleurs+1 Blanc+4 Silvers";"0.78";"0.1";"15";"0.42";"26.86";"18";"AESU";"HP6000 Offline";"AESU - 4 Couleurs+1 Blanc+4 Silvers"
"4 Couleurs+2 Silvers";"0.67";"0.1";"15";"0.42";"22.01";"12";"AESU";"HP6000 Offline";"AESU - 4 Couleurs+2 Silvers"
"4 Couleurs+2 Blancs";"0.67";"0.1";"15";"0.42";"9.58";"12";"AESU";"HP6000 Offline";"AESU - 4 Couleurs+2 Blancs"
"4 Couleurs+2 Blancs+1 Silver";"0.71";"0.1";"15";"0.42";"15.21";"14";"AESU";"HP6000 Offline";"AESU - 4 Couleurs+2 Blancs+1 Silver"
"4 Couleurs+2 Blancs+2 Silvers";"0.75";"0.1";"15";"0.42";"19.43";"16";"AESU";"HP6000 Offline";"AESU - 4 Couleurs+2 Blancs+2 Silvers"
"4 Couleurs+2 Blancs+3 Silvers";"0.78";"0.1";"15";"0.42";"22.72";"18";"AESU";"HP6000 Offline";"AESU - 4 Couleurs+2 Blancs+3 Silvers"
"4 Couleurs+2 Blancs+4 Silvers";"0.8";"0.1";"15";"0.42";"25.34";"20";"AESU";"HP6000 Offline";"AESU - 4 Couleurs+2 Blancs+4 Silvers"
"4 Couleurs+3 Silvers";"0.71";"0.1";"15";"0.42";"25.86";"14";"AESU";"HP6000 Offline";"AESU - 4 Couleurs+3 Silvers"
"4 Couleurs+4 Silvers";"0.75";"0.1";"15";"0.42";"28.75";"16";"AESU";"HP6000 Offline";"AESU - 4 Couleurs+4 Silvers"
"4 Silvers";"0.5";"0.1";"15";"0.42";"48.99";"8";"AESU";"HP6000 Offline";"AESU - 4 Silvers"
"5 Couleurs+1 Silver";"0.67";"0.1";"15";"0.42";"15.26";"12";"AESU";"HP6000 Offline";"AESU - 5 Couleurs+1 Silver"
"5 Couleurs";"0.6";"0.1";"15";"0.42";"8.52";"10";"AESU";"HP6000 Offline";"AESU - 5 Couleurs"
"5 Couleurs+1 Blanc";"0.67";"0.1";"15";"0.42";"9.05";"12";"AESU";"HP6000 Offline";"AESU - 5 Couleurs+1 Blanc"
"5 Couleurs+1 Blanc+1 Silver";"0.71";"0.1";"15";"0.42";"14.75";"14";"AESU";"HP6000 Offline";"AESU - 5 Couleurs+1 Blanc+1 Silver"
"5 Couleurs+1 Blanc+2 Silvers";"0.75";"0.1";"15";"0.42";"19.03";"16";"AESU";"HP6000 Offline";"AESU - 5 Couleurs+1 Blanc+2 Silvers"
"5 Couleurs+1 Blanc+3 Silvers";"0.78";"0.1";"15";"0.42";"22.36";"18";"AESU";"HP6000 Offline";"AESU - 5 Couleurs+1 Blanc+3 Silvers"
"5 Couleurs+1 Blanc+4 Silvers";"0.8";"0.1";"15";"0.42";"25.02";"20";"AESU";"HP6000 Offline";"AESU - 5 Couleurs+1 Blanc+4 Silvers"
"5 Couleurs+2 Silvers";"0.71";"0.1";"15";"0.42";"20.08";"14";"AESU";"HP6000 Offline";"AESU - 5 Couleurs+2 Silvers"
"5 Couleurs+2 Blancs";"0.71";"0.1";"15";"0.42";"9.43";"14";"AESU";"HP6000 Offline";"AESU - 5 Couleurs+2 Blancs"
"5 Couleurs+2 Blancs+1 Silver";"0.75";"0.1";"15";"0.42";"14.37";"16";"AESU";"HP6000 Offline";"AESU - 5 Couleurs+2 Blancs+1 Silver"
"5 Couleurs+2 Blancs+2 Silvers";"0.78";"0.1";"15";"0.42";"18.22";"18";"AESU";"HP6000 Offline";"AESU - 5 Couleurs+2 Blancs+2 Silvers"
"5 Couleurs+2 Blancs+3 Silvers";"0.8";"0.1";"15";"0.42";"21.3";"20";"AESU";"HP6000 Offline";"AESU - 5 Couleurs+2 Blancs+3 Silvers"
"5 Couleurs+3 Silvers";"0.75";"0.1";"15";"0.42";"23.69";"16";"AESU";"HP6000 Offline";"AESU - 5 Couleurs+3 Silvers"
"5 Couleurs+4 Silvers";"0.78";"0.1";"15";"0.42";"26.5";"18";"AESU";"HP6000 Offline";"AESU - 5 Couleurs+4 Silvers"
"6 Couleurs+1 Silver";"0.71";"0.1";"15";"0.42";"14.3";"14";"AESU";"HP6000 Offline";"AESU - 6 Couleurs+1 Silver"
"6 Couleurs";"0.67";"0.1";"15";"0.42";"8.52";"12";"AESU";"HP6000 Offline";"AESU - 6 Couleurs"
"6 Couleurs+1 Blanc";"0.71";"0.1";"15";"0.42";"8.97";"14";"AESU";"HP6000 Offline";"AESU - 6 Couleurs+1 Blanc"
"6 Couleurs+1 Blanc+1 Silver";"0.75";"0.1";"15";"0.42";"13.97";"16";"AESU";"HP6000 Offline";"AESU - 6 Couleurs+1 Blanc+1 Silver"
"6 Couleurs+1 Blanc+2 Silvers";"0.78";"0.1";"15";"0.42";"17.86";"18";"AESU";"HP6000 Offline";"AESU - 6 Couleurs+1 Blanc+2 Silvers"
"6 Couleurs+1 Blanc+3 Silvers";"0.8";"0.1";"15";"0.42";"20.98";"20";"AESU";"HP6000 Offline";"AESU - 6 Couleurs+1 Blanc+3 Silvers"
"6 Couleurs+2 Silvers";"0.75";"0.1";"15";"0.42";"18.63";"16";"AESU";"HP6000 Offline";"AESU - 6 Couleurs+2 Silvers"
"6 Couleurs+2 Blancs";"0.75";"0.1";"15";"0.42";"9.31";"16";"AESU";"HP6000 Offline";"AESU - 6 Couleurs+2 Blancs"
"6 Couleurs+2 Blancs+1 Silver";"0.78";"0.1";"15";"0.42";"13.72";"18";"AESU";"HP6000 Offline";"AESU - 6 Couleurs+2 Blancs+1 Silver"
"6 Couleurs+2 Blancs+2 Silvers";"0.8";"0.1";"15";"0.42";"17.25";"20";"AESU";"HP6000 Offline";"AESU - 6 Couleurs+2 Blancs+2 Silvers"
"6 Couleurs+3 Silvers";"0.78";"0.1";"15";"0.42";"22.01";"18";"AESU";"HP6000 Offline";"AESU - 6 Couleurs+3 Silvers"
"6 Couleurs+4 Silvers";"0.8";"0.1";"15";"0.42";"24.7";"20";"AESU";"HP6000 Offline";"AESU - 6 Couleurs+4 Silvers"
"7 Couleurs+1 Silver";"0.75";"0.1";"15";"0.42";"13.57";"16";"AESU";"HP6000 Offline";"AESU - 7 Couleurs+1 Silver"
"7 Couleurs";"0.71";"0.1";"15";"0.42";"8.52";"14";"AESU";"HP6000 Offline";"AESU - 7 Couleurs"
"7 Couleurs+1 Blanc";"0.75";"0.1";"15";"0.42";"8.91";"16";"AESU";"HP6000 Offline";"AESU - 7 Couleurs+1 Blanc"
"7 Couleurs+1 Blanc+1 Silver";"0.78";"0.1";"15";"0.42";"13.37";"18";"AESU";"HP6000 Offline";"AESU - 7 Couleurs+1 Blanc+1 Silver"
"7 Couleurs+1 Blanc+2 Silvers";"0.8";"0.1";"15";"0.42";"16.93";"20";"AESU";"HP6000 Offline";"AESU - 7 Couleurs+1 Blanc+2 Silvers"
"7 Couleurs+2 Silvers";"0.78";"0.1";"15";"0.42";"17.51";"18";"AESU";"HP6000 Offline";"AESU - 7 Couleurs+2 Silvers"
"7 Couleurs+2 Blancs";"0.78";"0.1";"15";"0.42";"9.23";"18";"AESU";"HP6000 Offline";"AESU - 7 Couleurs+2 Blancs"
"7 Couleurs+2 Blancs+1 Silver";"0.8";"0.1";"15";"0.42";"13.2";"20";"AESU";"HP6000 Offline";"AESU - 7 Couleurs+2 Blancs+1 Silver"
"7 Couleurs+3 Silvers";"0.8";"0.1";"15";"0.42";"20.66";"20";"AESU";"HP6000 Offline";"AESU - 7 Couleurs+3 Silvers"
"8 Couleurs+1 Silver";"0.78";"0.1";"15";"0.42";"13.01";"18";"AESU";"HP6000 Offline";"AESU - 8 Couleurs+1 Silver"
"8 Couleurs";"0.75";"0.1";"15";"0.42";"8.52";"16";"AESU";"HP6000 Offline";"AESU - 8 Couleurs"
"8 Couleurs+1 Blanc";"0.78";"0.1";"15";"0.42";"8.87";"18";"AESU";"HP6000 Offline";"AESU - 8 Couleurs+1 Blanc"
"8 Couleurs+1 Blanc+1 Silver";"0.8";"0.1";"15";"0.42";"12.88";"20";"AESU";"HP6000 Offline";"AESU - 8 Couleurs+1 Blanc+1 Silver"
"8 Couleurs+2 Silvers";"0.8";"0.1";"15";"0.42";"16.61";"20";"AESU";"HP6000 Offline";"AESU - 8 Couleurs+2 Silvers"
"8 Couleurs+2 Blancs";"0.8";"0.1";"15";"0.42";"9.15";"20";"AESU";"HP6000 Offline";"AESU - 8 Couleurs+2 Blancs"
"9 Couleurs";"0.78";"0.1";"15";"0.42";"8.52";"18";"AESU";"HP6000 Offline";"AESU - 9 Couleurs"
"9 Couleurs+2 Blancs";"0.82";"0.1";"15";"0.42";"9.1";"22";"AESU";"HP6000 Offline";"AESU - 9 Couleurs+2 Blancs"
"9 Couleurs+1 Blanc";"0.8";"0.1";"15";"0.42";"8.83";"20";"AESU";"HP6000 Offline";"AESU - 9 Couleurs+1 Blanc"
